footprint_id,relative_snow_loss,event_count,structure_type,roof_area_m2,inner_area_m2,type,sqft,cost_per_sqft,benchmark_id,meter_building_id
4695,-0.6517478016216609,1,Office,8421.471876530844,2651.508499947122,,,,,A2BLD-00080
4698,-0.07012195121951226,1,Public,6353.921122415647,1225.6328739420153,,,,,
4703,-0.2382530564147886,1,Commercial,5162.387687168828,820.4423073063647,,,,,A2BLD-00531
13152,-0.051239404058566654,1,Commercial,7065.570815879053,1808.9595882019871,,,,,A2BLD-00097
17787,-0.2044002699648418,1,Commercial,7448.304262546412,1241.282574555894,,,,,A2BLD-00529
21677,0.148433618859801,1,Public,7309.029865451917,1961.0686664548475,,,,,
21678,0.34523809523809523,1,Public,7241.574132158645,1969.03055605769,,,,,
21679,-0.37213037842439256,1,Commercial,6467.4888307977735,1287.505915128736,,,,,A2BLD-00518
26397,-0.137978560490046,1,Public,21595.354876033143,2670.9809977031555,,,,,
26398,-0.18310721281253597,2,Public,16782.346160516212,6463.205728945265,,,,,
26399,-0.03217200752333296,2,Public,14619.905811059529,1797.038751321145,,,,,
26400,-0.3400184275184276,1,Public,13327.010031558184,5451.66578943863,,,,,A2BLD-00672
26401,-0.4317615742941344,1,Office,10643.812745911608,3963.1040163314024,,,,,A2BLD-00662
26402,-0.5746468971157885,1,Commercial,10121.903119484963,1643.2994986574777,Multi-Family with 5+ Units,4035.0,0.33581165,A2BLD-00076,A2BLD-00076
34730,-0.21272355095884513,1,Public,29025.90886117791,6537.634845921495,,,,,
34735,0.2728034875922199,1,Public,6946.998990980191,1491.540284969039,,,,,
34737,-0.13130608056510118,1,Public,8901.46583415125,2678.329994725412,,,,,
34859,0.4761083743842365,1,Public,6208.977354184156,1137.1407953300832,,,,,
34874,-0.1479961371318204,1,Public,7245.312699493208,1571.205958596346,,,,,
34880,-0.31009359637537603,1,Public,8636.97173571193,1779.3028643080663,,,,,
34947,0.2949061662198391,1,Public,9898.706710895223,1557.1434375762242,,,,,
34992,-0.15003610618626345,2,Office,14296.206541383968,5637.7610049952045,,,,,
35083,0.058104327793319074,1,Public,12887.29391098903,4692.917002045257,,,,,
35129,-0.5002284961904055,1,Public,15001.078976002847,2326.016078542942,,,,,
35131,-0.1940190059003287,1,Public,6255.015074523097,831.8303985936042,,,,,
35152,-0.21337496209301685,1,Public,5816.335114402306,735.8591600008109,,,,,
49014,0.054324931024593764,1,Public,10101.755677979576,3360.1907536173976,,,,,
