footprint_id,native_roof_pixels,roof_pixels_10m,ground_pixels_10m
6,10,43,762
7,4,11,150
4694,4,13,398
4695,6,27,331
4698,3,12,328
4703,3,7,292
8840,8,39,419
8841,4,13,465
13148,3,19,521
13149,7,28,293
13152,4,15,229
17787,5,10,264
21674,5,22,466
21675,10,39,253
21677,5,20,367
21678,7,18,336
21679,4,13,355
21680,4,15,268
26396,16,63,603
26397,7,25,653
26398,18,56,528
26399,6,18,505
26400,13,55,330
26401,12,40,335
26402,4,17,338
30405,73,297,496
30406,7,23,594
30409,5,12,155
34730,13,63,442
34735,4,14,213
34737,7,32,194
34829,3,6,76
34858,3,5,189
34859,4,10,146
34874,3,12,145
34880,4,18,243
34909,7,35,474
34947,3,16,373
34954,3,9,295
34963,6,25,220
34992,14,52,293
35003,12,37,407
35083,10,48,412
35129,4,26,427
35131,3,9,193
35138,5,28,187
35152,3,6,113
49014,8,33,319
50723,4,19,305
50724,8,31,247
50726,3,9,247
51294,5,27,408
