event,end,snowfall_mm,depth_mm,depth_gain_mm
2025-12-04,2025-12-06,10,127,25.0
2025-12-07,2025-12-08,48,152,50.0
2025-12-09,2025-12-09,28,152,0.0
2025-12-10,2025-12-20,74,152,0.0
2025-12-29,2025-12-29,71,51,51.0
2025-12-30,2025-12-30,28,51,0.0
2025-12-31,2025-12-31,41,76,25.0
2026-01-01,2026-01-01,51,102,26.0
2026-01-02,2026-01-09,53,127,25.0
2026-01-10,2026-01-13,23,25,25.0
2026-01-14,2026-01-14,89,76,76.0
2026-01-15,2026-01-18,79,152,76.0
2026-01-19,2026-01-20,33,102,0.0
2026-01-21,2026-01-24,74,152,50.0
2026-01-25,2026-01-26,79,203,76.0
2026-01-27,2026-02-02,25,203,0.0
2026-02-03,2026-02-05,25,203,25.0
2026-02-06,2026-02-16,43,229,51.0
2026-02-22,2026-03-04,58,51,51.0
