building_id,name,address,ptype,gfa_ft2,year_built,lat,lon,fp_count,fp_area_ft2,fp_floor_area_est_ft2,height_ft_max,stories_max,stories_mean,surface_to_volume,energy_star,gas_r2,heat_ccf,gas_base_ccf,elec_r2,cool_kwh,eheat_kwh,elec_base_kwh,heat_int,cool_int,electric_heat,eheat_int,hdd_ref,cdd_ref,id,method,valid_months,first_year,last_year,metered_heat_ccf_ft2_hdd60,eligible_meter,raw_winter_gas_ccf_ft2_hdd60
A2BLD-00001,Huron Towers,2200 and 2222 Fuller Ct,Multifamily Housing,420210.0,1960.0,42.28532883601899,-83.71725975735541,3,67405.67817285651,447043.30266649777,160.0,13.0,6.632131220756962,0.0462061057767738,56.0,0.9496903966105819,223740.62708477277,106797.54975508385,0.7770086098476812,215066.66358529092,82825.54917343784,1601125.3851208221,532.4495539962704,511.807580936415,False,,5195.576698003079,662.1806558417536,A2BLD-00001,metered,36,2021,2023,0.00010248131919617651,True,0.00011857762519298118
A2BLD-00004,Parkway Meadows,2575 Sandalwood Circle,Multifamily Housing,406394.0,1978.0,42.30703835569719,-83.70872686261505,39,165436.0902168254,403177.6769682845,30.39272961,3.0,2.437059993619699,0.09828438738596765,100.0,0.9807282382756773,78257.54837609406,14704.547843005208,0.9252209340005562,174558.26512678555,48911.334313435014,1294339.85090558,192.56570809631555,429.52963165495936,False,,5296.954672551766,615.6498423578524,A2BLD-00004,metered,36,2021,2023,3.63540411425776e-05,True,4.071621385895779e-05
A2BLD-00005,Beekman on Broadway,1200 Broadway Street,Multifamily Housing,253641.0,2020.0,42.290048260087715,-83.73605705486308,2,72847.00196145788,456879.1358334807,80.0,7.0,6.2717630586253605,0.054548758316676695,100.0,0.9464327296661843,33098.267647081375,18419.423921563546,0.5976580800901761,101548.2164944301,0.0,642821.6956290959,130.4925767012485,400.3619938985815,False,,5210.2426167844915,653.5443868862644,A2BLD-00005,metered,36,2021,2023,2.5045393525605567e-05,True,3.231631220267248e-05
A2BLD-00006,Arbor Landings (rb065),545 Landings Blvd,Multifamily Housing,366145.0,1988.0,42.28815301662473,-83.79807533846694,81,276031.5862214995,498070.0358159766,31.15862785,2.0,1.8043950789613767,0.10794644269895803,73.0,0.988768185152618,113462.75199028889,13383.148082776608,0.8935979060197684,325622.5643688318,200182.74520146183,1976215.1236316576,309.88475055043466,889.3268086928178,False,,5305.846510378035,603.8568381528393,A2BLD-00006,metered,36,2021,2023,5.840439408571502e-05,True,6.55430025423187e-05
A2BLD-00007,The Courtyards (cr018),1780 Broadway St,Multifamily Housing,374667.0,2008.0,42.29527221788695,-83.72133405838062,3,97723.10842159993,390892.4336863997,45.30720657,4.0,4.0,0.05922152585103287,96.0,0.9140917069182508,83596.78248049575,30170.916673607513,0.2464170059258829,270201.8057471509,215029.765320578,2505337.1771787857,223.12288640444916,721.178555216101,False,,5253.59567567382,631.9468810581019,A2BLD-00007,metered,36,2021,2023,4.2470509757268614e-05,True,4.978332545215477e-05
A2BLD-00008,The Villas at Main Street,101 Lake Village Drive,Multifamily Housing,517536.0,1997.0,42.2514246295675,-83.7463453779865,65,305292.4448308084,783822.791407177,40.10387492,3.0,2.5674490301964985,0.08532456541162467,90.0,0.9581265197252843,126840.00054531661,16235.762733235466,0.8787317511928021,309486.8615067094,216819.02441584595,2405746.95941906,245.08440097948085,598.0006444125808,False,,5265.575963712779,622.9674210320684,A2BLD-00008,metered,26,2021,2023,4.6544652032077196e-05,True,5.2741537679393497e-05
A2BLD-00009,Glacier Hills Campus,1200 Earhart,Multifamily Housing,472700.0,1972.0,42.29095755181592,-83.68039624718588,13,150226.859141083,423126.35716521164,60.0,5.0,2.8165825977087073,0.07166665385284957,42.0,0.7045407091601767,72823.35237347588,132742.5256514383,0.8406973166056505,549841.3846506593,0.0,4046395.386286212,154.058287229693,1163.1931132867767,False,,5262.582034474461,626.995688093779,A2BLD-00009,metered,36,2021,2023,2.927427757334291e-05,True,5.506477727979049e-05
A2BLD-00010,The Emerson,3000 Signature Blvd,Multifamily Housing,343473.0,1990.0,42.23980438729171,-83.7544053962217,18,179760.25570863122,424659.3632561789,37.34276529,3.0,2.3623651489709627,0.08510893045518533,96.0,0.963933772717769,64555.84920299663,6107.945240382882,0.9154414576069841,246170.49161078347,392.1781043797413,1494921.9369621654,187.95028780427177,716.709877081411,False,,5263.974500790845,624.8919647772315,A2BLD-00010,metered,36,2021,2023,3.570501486586507e-05,True,3.93298492034286e-05
A2BLD-00011,585 - Willow Tree Apartments/Willowtree Townhomes,1819 Willowtree Lane,Multifamily Housing,324832.0,1968.0,42.30066089393479,-83.71837756041649,18,159635.07442409388,465454.46517344407,34.83179461,3.0,2.9157405842834785,0.08269361054598959,86.0,0.971368667082987,149575.82573709494,32562.61366959095,0.90651084854769,266345.4711310312,35555.67923182925,1562290.5753859093,460.47133822128035,819.94837679487,False,,5267.754843517391,625.0132524119588,A2BLD-00011,metered,36,2021,2023,8.741320579638326e-05,True,9.461869504484809e-05
A2BLD-00015,Landmark (ln179),1300 S University Ave,Multifamily Housing,216230.0,2011.0,42.27450080412622,-83.7327630700436,2,34851.737860962225,278689.6887303666,150.0,13.0,7.996435926442843,0.04966432912255859,54.0,0.876207766793067,63695.851447866225,26965.797412840293,0.6996672194013644,41046.9350067363,255965.95877196302,1822512.8610758334,294.5745338198503,189.82997274539287,False,,5254.147107777931,630.3178804873278,A2BLD-00015,metered,36,2021,2023,5.606514773516323e-05,True,7.275580820250662e-05
A2BLD-00016,Meadowbrook Village,1550 Brookfield Dr,Multifamily Housing,234076.0,1985.0,42.249528920743984,-83.76083838125817,69,170064.990641333,300078.76883382443,29.76548865,2.0,1.7644946658462497,0.11344506352057243,87.0,0.9560389725349259,58141.25772962195,7885.332733000396,0.8283105733262272,133798.04247618094,91539.00962303308,1316635.1492088118,248.38624092013683,571.6008581664969,False,,5268.349349550842,622.0458082466223,A2BLD-00016,metered,28,2021,2023,4.714688120318241e-05,True,5.5397793913437756e-05
A2BLD-00017,University Towers,536 S Forest Ave.,Multifamily Housing,222126.0,1964.0,42.27528623826701,-83.73350465970685,3,17906.570119133863,284153.45969821495,210.0,18.0,15.868670426984004,0.04948773927669106,95.0,0.9118549643072056,132237.63143465624,26594.68968182802,0.3964892212211787,68067.88770076819,0.0,655654.9883080856,595.3271180980895,306.4381823864302,False,,5254.147107777931,630.3178804873278,A2BLD-00017,metered,30,2021,2023,0.00011330613815833256,True,0.00011608883096884932
A2BLD-00018,GreenBrier Campus,3505-3855 Greenbrier,Multifamily Housing,477478.0,1966.0,42.299612310477926,-83.6892505215441,34,251176.96760331455,440462.1783194161,32.18179362,2.0,1.7535930245604405,0.10235382188522045,69.0,0.9648459599428553,220340.78849837033,74722.799575019,0.9398394948155848,192228.58099643077,6597.321562210414,1446681.2089961641,461.4679388335596,402.59149321315493,False,,5278.089172796829,620.4099820557437,A2BLD-00018,metered,28,2021,2023,8.74308719928334e-05,True,9.503941236325625e-05
A2BLD-00019,Oakcliff Apartments At Traverwood,2225 Traverwood Dr,Multifamily Housing,218943.0,2016.0,42.30621841653047,-83.71570911711741,17,143420.34703848624,286840.6940769725,35.0,2.0,2.0,0.0839800417795089,91.0,0.9757821590609372,50313.68878717044,22548.307113724863,0.85200153776237,81733.86610538905,127744.026963052,955189.129018355,229.80268283146955,373.31116366081153,False,,5288.777959763991,619.5362211492051,A2BLD-00019,metered,36,2021,2023,4.345099843097296e-05,True,5.376942093388407e-05
A2BLD-00022,Traver Courts LLC,1505 Natalie Ln,Multifamily Housing,192963.0,1978.0,42.293617968435456,-83.68449851058116,23,99300.44047342095,244124.1707915664,30.0,3.0,2.4584399588530466,0.1088279484698382,92.0,0.9650684433110804,52211.60270394447,32524.23370755666,0.9244108068337324,140048.40354416898,0.0,698478.9729451102,270.5783114065622,725.7785354921357,False,,5262.582034474461,626.995688093779,A2BLD-00022,metered,36,2021,2023,5.14155047149936e-05,True,7.077273563052986e-05
A2BLD-00023,The Varsity at Ann Arbor (vr134),425 E. Washington St.,Multifamily Housing,185099.0,2013.0,42.28073456114084,-83.74303024890702,1,19974.43708671978,259667.68212735714,150.0,13.0,13.0,0.04273018708103032,63.0,0.8647280132552508,24204.78794161651,16964.57658002113,0.33861755927041437,97014.89044391527,158591.60484833774,1944414.4835467348,130.7667137132913,524.1243358630531,False,,5226.066996601832,643.2131981183235,A2BLD-00023,metered,36,2021,2023,2.502201249970969e-05,True,3.587898274507492e-05
A2BLD-00025,The Yard,615 S. Main,Multifamily Housing,186029.0,2015.0,42.27336050319927,-83.74835368646326,1,53155.35337376785,318932.1202426071,72.0,6.0,5.999999999999999,0.04682155102760493,0.0,0.9059670258432106,20340.010969818504,17824.755920706917,0.5753043695915067,1906.2494283284718,233998.71420190635,1853337.4902828578,109.33785038794223,10.24705518133448,False,,5230.5171182282775,641.0687405026682,A2BLD-00025,metered,34,2021,2023,2.0903831861461916e-05,True,3.056803612831265e-05
A2BLD-00029,Pinelake Village Cooperative,2680 ADRIENNE DR OFC,Multifamily Housing,123226.0,1974.0,42.268691924615155,-83.78270941128662,20,87202.95680021748,174405.91360043496,23.8042362,2.0,2.0,0.12298035165091001,64.0,0.9730286789358678,60193.559597100546,26559.203592289865,0.8962197096125002,77386.60525169947,29493.48507474598,465990.95758149563,488.4809991162624,628.0054960130125,False,,5319.548594787957,598.8894027676185,A2BLD-00029,metered,36,2021,2023,9.182752829720766e-05,True,0.00010853313032803845
A2BLD-00030,Six11,611 East University,Multifamily Housing,142984.0,2018.0,42.27447536263316,-83.73518399049675,1,15684.064512059731,203892.8386567765,145.0,13.0,13.0,0.04686426544838245,0.0,0.9640357847104098,14106.674456202996,1760.992042013614,0.9367806875388773,0.0,577190.0613414757,1070496.3356908974,98.65911190205195,0.0,False,,5254.147107777931,630.3178804873278,A2BLD-00030,metered,30,2021,2023,1.877737906424485e-05,True,1.87642901109999e-05
A2BLD-00031,Arbor Village Apartments,2170 and 2240 St. Francis Drive,Multifamily Housing,260975.0,1963.0,42.25835385522184,-83.71400529493097,19,147559.1752240074,419414.3565782232,30.80135205,3.0,2.84234684791045,0.08639240778934333,79.0,0.9773215158274661,124175.15004412105,32134.21474574764,0.8229016591252173,89538.98467568423,0.0,835210.4047596164,475.81243431026365,343.09410738838676,False,,5253.453671002724,632.4193297264404,A2BLD-00031,metered,36,2021,2023,9.057135821651694e-05,True,9.476737747673346e-05
A2BLD-00033,Parc Pointe Apartments Primary,1901 Pointe Ln,Multifamily Housing,136457.0,1986.0,42.29999199865338,-83.72293178152194,36,94618.55852855749,224337.87223089213,40.28776267,3.0,2.3709711468832317,0.10084657852269237,73.0,0.8138838359883911,57614.90389887661,14557.982761552772,0.32468474041960504,46563.283422458124,52046.81838011114,540822.8694686003,422.2202151511217,341.2304493170605,False,,5248.600656055042,634.3457036405041,A2BLD-00033,metered,36,2021,2023,8.04443398954401e-05,True,8.824753372656926e-05
A2BLD-00038,MILL CREEK TOWNHOMES,3050 BIRCH HOLLOW DR,Multifamily Housing,359367.0,1976.0,42.24004303207192,-83.7142509684401,42,160569.1795006969,309239.13589769235,23.54552833,2.0,1.925893480052006,0.138261963827709,96.0,0.9758539531787,101429.27667619148,37035.83878654701,0.9285105859280838,201190.34277207893,26037.427412966917,1136638.938002781,282.2442702757668,559.8464599478498,False,,5211.039599937542,650.1058320195374,A2BLD-00038,metered,36,2021,2023,5.416275675186764e-05,True,6.463595156089401e-05
A2BLD-00041,Saga Ann Arbor,411 E Washington St,Multifamily Housing,134725.0,2008.0,42.28063667114166,-83.74355002646841,1,16921.62053417721,169216.20534177212,109.55134713,10.0,10.0,0.04077194679120953,41.0,0.9583102103307484,67659.08265175641,14862.66364961538,0.4384130643030968,48596.475041701386,121291.34354074988,1450475.0432748,502.20139285029813,360.70866611023484,False,,5226.066996601832,643.2131981183235,A2BLD-00041,metered,36,2021,2023,9.609547546498095e-05,True,0.00011373600812394723
A2BLD-00042,Hoover + Greene,950 Greene St,Multifamily Housing,109725.0,2021.0,42.26993927259085,-83.74777845149723,2,50199.1445204496,191034.84805417393,50.0,4.0,3.8055399126642917,0.054120251232823914,73.0,0.9001419421319101,35615.417420857695,23323.332923604583,0.7395470196737506,97366.75641439269,48899.958636594965,634183.6134398668,324.58799198776666,887.3707579347704,False,,5256.219416752197,628.3152783452246,A2BLD-00042,metered,23,2022,2023,6.175312829469525e-05,True,8.962822573153465e-05
A2BLD-00046,Spruce Knob,2960 Birch Hollow Drive,Multifamily Housing,136968.0,1967.0,42.23847344470994,-83.72248711838836,11,90874.43637759746,181296.24709289533,22.13217138,2.0,1.995019219041768,0.10384785458916382,76.0,0.9715123849729614,47788.32258445868,18921.439588689096,0.9301364914828685,154566.91330375857,0.0,573120.1962179122,348.9013680893251,1128.4892332790037,False,,5225.1279842816,645.7118463073285,A2BLD-00046,metered,36,2021,2023,6.67737458563506e-05,True,8.104134763026241e-05
A2BLD-00047,Courthouse Square,100 S. 4th Avenue,Multifamily Housing,133940.0,1966.0,42.28118817248438,-83.74761009608946,2,15456.12017708571,143717.74052155463,110.0,11.0,9.298435757158623,0.054061298106796385,29.0,0.977439948945354,64123.75158819396,10238.924384279042,0.5175506467540314,169262.50156383074,106975.25097502749,1048353.9128161834,478.74982520676394,1263.7188410021706,False,,5222.668453729952,643.6736686814554,A2BLD-00047,metered,35,2021,2023,9.166766557138966e-05,True,9.881030040079996e-05
A2BLD-00048,581 - Hub Ann Arbor,603 E Huron Street,Multifamily Housing,133830.0,2018.0,42.281474910027754,-83.74202107739822,1,15938.081494225751,191256.97793070902,135.0,12.0,12.0,0.03916581315725596,99.0,0.9366605635305689,46208.36894206357,12956.880620507025,0.494637135424947,17954.12382855364,68137.65242687424,597377.1476403438,345.27661168694294,134.1561968807714,False,,5226.066996601832,643.2131981183235,A2BLD-00048,metered,36,2021,2023,6.606815639972728e-05,True,7.200480784184954e-05
A2BLD-00049,PHEASANT RUN-PRU (aka South Grove),3551 PHEASANT RUN CIR,Multifamily Housing,411836.0,1971.0,42.2330463676676,-83.72287700855276,44,319933.7099447143,588206.1189976317,28.76952637,2.0,1.83852498412648,0.11086428778325666,92.0,0.945416384840504,75296.14613521364,71468.0327869301,0.9265516613242479,250802.93334684556,72558.91421614187,1755105.415465218,182.83041340536923,608.9873963102924,False,,5209.5877111140335,650.3749030596911,A2BLD-00049,metered,24,2022,2023,3.509498707840591e-05,True,5.404202392280395e-05
A2BLD-00050,Woodbury Campus,1950 Woodbury Drive,Multifamily Housing,391532.0,1972.0,42.25620531156543,-83.7339881332413,90,361395.9725162556,849871.610295645,29.58333467,3.0,2.351635532566478,0.11427247655389909,76.0,0.9704236395848905,155315.94646953256,37613.57727843239,0.9017178136085634,301997.09968037164,19557.77586326589,1521695.3675644135,396.68774575138826,771.3216280671097,False,,5221.959449127518,644.632535865287,A2BLD-00050,metered,36,2021,2023,7.596530567039669e-05,True,8.746189550867745e-05
A2BLD-00052,The Highlands Apartments,1687 Broadway,Multifamily Housing,128920.0,1972.0,42.297762712975214,-83.72520903332665,2,32525.756689481517,130103.02675792607,35.58714556,4.0,4.0,0.0745832495977866,12.0,0.955721182855063,91036.16561408513,2547.3289373265816,0.8230263382835483,166098.34664099605,18913.124570944743,1028564.2454645651,706.1446293366827,1288.3830797470994,False,,5248.600656055042,634.3457036405041,A2BLD-00052,metered,30,2021,2023,0.0001345395993353085,True,0.00014177389438419473
A2BLD-00057,Traver Ridge Apartments LLC,2401 Lancashire Dr,Multifamily Housing,226608.0,1972.0,42.310076955796596,-83.7159730178887,13,97617.25293572026,274103.36834273173,32.55194317,3.0,2.8079397862509548,0.09468087087289194,100.0,0.7260043818879278,9626.685849401621,24265.255268824363,0.9356854254943232,127506.28644471813,55273.637094696096,707741.8899055799,42.48166812028534,562.673367421795,False,,5288.777959763991,619.5362211492051,A2BLD-00057,metered,35,2021,2023,8.032416645863701e-06,True,1.654294192052177e-05
A2BLD-00061,Traver Crossing LLC FKA Traver Knoll LLC,1984 Traver Road,Multifamily Housing,230916.0,1964.0,42.298670778258284,-83.72972672452396,8,139422.61269775793,278845.22539551585,24.49462118,2.0,2.0,0.08652991486664026,96.0,0.9796875879519658,59027.87793830366,23680.93382340987,0.9218474955957712,133796.3118483955,0.0,725235.7247603725,255.62489363363153,579.4155097455157,False,,5243.041390158642,637.6081630690851,A2BLD-00061,metered,36,2021,2023,4.875507832409024e-05,True,5.553935815186622e-05
A2BLD-00062,State Street Village LLC,2225 South State Street,Multifamily Housing,116850.0,2015.0,42.254742130402676,-83.73797929971497,14,49849.843184938996,124537.39194427355,45.0,3.0,2.498250425427611,0.07627164577089898,100.0,0.9439698995577392,8935.594483327457,753.4324144833255,0.2360753450089177,23749.552361227306,17283.899768736796,571284.3339477323,76.47064170584046,203.24820163651952,False,,5247.192797444889,633.0734543902336,A2BLD-00062,metered,26,2021,2023,1.4573629111375075e-05,True,1.677926425106282e-05
A2BLD-00063,Z West,401 Thompson St,Multifamily Housing,94175.0,2000.0,42.277652895994535,-83.74294376974716,1,12422.868252484237,161497.2872822951,150.0,13.0,13.0,0.047494015775784944,87.0,0.7671751943891948,17366.632096004956,3099.532255830528,0.5221147688434165,56604.54670891113,504935.72866356175,608357.9349999424,184.40809233878372,601.057039648645,False,,5252.401095195151,632.6809574363059,A2BLD-00063,metered,34,2021,2023,3.510929363476802e-05,True,3.565542822892585e-05
A2BLD-00073,Z Place,619 E University Ave,Multifamily Housing,99982.0,2009.0,42.274189902119474,-83.73544678242939,1,10833.776725668773,97503.99053101896,85.0,9.0,9.0,0.05043192933227651,100.0,0.9165457833711619,1252.5248493580482,404.08569489640587,0.44432029255212646,58256.73412769672,12244.9738610309,790794.3219647224,12.527503444200438,582.6722222769771,False,,5254.147107777931,630.3178804873278,A2BLD-00073,metered,24,2022,2023,2.3843077072690747e-06,True,2.9535991189907443e-06
A2BLD-00074,Traver Heights LLC,2395 Leslie Cir,Multifamily Housing,99563.0,1990.0,42.30930905322904,-83.71263142394037,27,74351.9155458744,131256.51540598256,26.39917746,2.0,1.7653414097313818,0.15862349117417376,68.0,0.9663236411494793,45697.8505786068,5771.210427704374,0.7315972543252268,51390.04651877578,71242.77890069375,554351.7250297582,458.9842670330022,516.156067201428,False,,5288.777959763991,619.5362211492051,A2BLD-00074,metered,17,2022,2023,8.67845597839173e-05,True,9.783833419126065e-05
A2BLD-00075,HOMESTEAD COMMONS,3103 HOMESTEAD COMMONS DRIVE,Multifamily Housing,105672.0,1985.0,42.243187008883915,-83.71578553530007,23,81105.24100652884,143419.88807067237,21.82237973,2.0,1.7683183761099643,0.1394662256152096,94.0,0.9336936405682459,31092.072149225703,18227.078049848442,0.9279935190070916,75251.13529889085,28211.180859043732,385999.9042490606,294.23188876169377,712.1199116027977,False,,5211.039599937542,650.1058320195374,A2BLD-00075,metered,24,2022,2023,5.646318419173409e-05,True,7.683292607067945e-05
A2BLD-00085,University Townhouses Cooperative - 3200 Braeburn Circle,3200 Braeburn Circle,Multifamily Housing,720168.0,1971.0,42.234002384684274,-83.70844222830982,76,326817.3434180203,647968.475162081,23.648101,2.0,1.9826624510966906,0.13751794169615436,97.0,0.9746880646295106,187743.96574958804,114037.39732936413,0.9304627686705205,354338.37554584566,107876.43226021153,1644315.2605641996,260.69467922705263,492.02182760945453,False,,5214.752961512342,649.2307026703057,A2BLD-00085,metered,24,2022,2023,4.9991760137271774e-05,True,6.51007336649155e-05
A2BLD-00090,Pine Valley Campus,1507 PINE VALLEY BLV,Multifamily Housing,124764.0,1964.0,42.25082489940571,-83.7256512305014,21,116073.47039028042,210871.47319717339,24.16896152,2.0,1.8167068882161295,0.12838258237796035,41.0,0.9651134920608037,67042.91486764554,14433.185401316425,0.8972749401595161,73366.61941942282,19300.690555792717,626933.0602922669,537.3578505630272,588.0431808808855,False,,5229.882735842478,641.773374021167,A2BLD-00090,metered,36,2021,2023,0.00010274759066399311,True,0.0001062403468638066
A2BLD-00091,Nob Hill,301 Nob Hill Place,Multifamily Housing,80088.0,1952.0,42.27143853796066,-83.75106548761644,8,49151.71214381427,147455.1364314428,30.28262794,3.0,3.0,0.12330972313290109,79.0,0.970279511923037,49772.07178993786,21432.787301635555,0.8445271313971043,52185.3196883153,35978.81176484754,338195.55189750873,621.4672833625244,651.599736393908,False,,5230.991385589015,641.0296905329614,A2BLD-00091,metered,12,2022,2023,0.00011880487608421984,True,0.00015344897082666443
A2BLD-00095,Lurie Terrace,600 West Huron,Multifamily Housing,74864.0,1964.0,42.282275785126004,-83.75501148133036,5,19315.630043041467,94502.60111516295,82.0,8.0,4.89254561743938,0.07479735934056625,78.0,0.0,0.0,95.84618227394549,0.9489726280849615,54861.18447682729,372123.2128433385,596560.9665126391,0.0,732.8112908317388,True,4970.656294658827,5236.746864879501,636.7394421389488,A2BLD-00095,metered,22,2022,2023,0.0,False,9.232116209889764e-08
A2BLD-00098,Broadview Apartments,1701 Broadview Ln,Multifamily Housing,75152.0,1972.0,42.29911429163127,-83.72475447493193,5,43009.71563713465,86019.4312742693,26.25138386,2.0,2.0,0.10849630020626791,92.0,0.9723272784614222,26334.840870062762,10787.296325942561,0.9032088066860917,47902.98986420279,2977.6102537218226,193319.43068782575,350.42102499019006,637.4147043884766,False,,5248.600656055042,634.3457036405041,A2BLD-00098,metered,24,2022,2023,6.67646574684487e-05,True,8.074229676430065e-05
A2BLD-00103,The Ponds (Campus),2469 PACKARD ST,Multifamily Housing,72465.0,1987.0,42.251601214282545,-83.72223680701542,20,88448.69689962042,207830.30400338463,31.46398538,3.0,2.349727144530453,0.10647740316625819,87.0,0.9584831608812613,17299.286282562087,11088.163475586014,0.7148465395833388,56630.222662654356,40448.026256084915,244668.05170961376,238.72609235578673,781.4837875202422,False,,5229.882735842478,641.773374021167,A2BLD-00103,metered,24,2022,2023,4.564654781257357e-05,True,6.305828083738893e-05
A2BLD-00116,Ann Arbor Woods,2167 Medford Road,Multifamily Housing,206000.0,1964.0,42.25709076894801,-83.71383519344717,9,136506.28210175285,261603.0429580132,25.65866578,2.0,1.916417610458486,0.09679388463035841,74.0,0.9697923252885071,121355.45228099689,21333.392318656825,0.9007107473326482,97331.47703865552,70.87822980818322,648565.8021349179,589.1041372863926,472.4828982459005,False,,5253.453671002724,632.4193297264404,A2BLD-00116,metered,24,2022,2023,0.0001121365437251397,True,0.0001159190688717397
A2BLD-00125,Manchester Flats,1846 Stadium Place,Multifamily Housing,99422.0,1957.0,42.26783944143085,-83.7704195681102,9,61705.529589451726,181694.9525746729,30.10089605,3.0,2.944548953449592,0.11301183615943901,77.0,0.9679544901141708,59160.83804467413,21243.239604400165,0.9129226041701715,66968.21709833783,39532.85945146193,340588.2096024334,595.047756479191,673.5754370092919,False,,5297.950065756441,610.1218430527255,A2BLD-00125,metered,24,2022,2023,0.00011231660342087995,True,0.00013724287353383748
A2BLD-00129,Forest Hills Cooperative,2310 Jonathan Ct,Multifamily Housing,293298.0,1980.0,42.23232027677147,-83.7119426333303,41,167756.44406196463,329662.9863680018,24.83104817,2.0,1.9651286018332226,0.13407705936029654,87.0,0.9703787842306334,93693.7594745498,65644.56437614992,0.9595524691295036,206808.76771033026,35549.14461571053,903018.3378331617,319.4490227500692,705.1148242072236,False,,5214.752961512342,649.2307026703057,A2BLD-00129,metered,36,2021,2023,6.125870680888882e-05,True,8.127093207615996e-05
A2BLD-00130,Hillcrest Apartments,2005 Commerce Drive,Multifamily Housing,61728.0,1965.0,42.269355139757664,-83.77704160895624,1,36649.925945437964,109949.7778363139,23.07185672,3.0,3.0,0.09476603709869033,91.0,0.7228119963923363,24628.865927141218,13287.920058946358,0.004170293447456341,0.0,2906.219668301071,69479.96781599149,398.99018155684973,0.0,False,,5302.267199369074,608.0740409871408,A2BLD-00130,metered,24,2022,2023,7.52489768158659e-05,True,9.28216781755867e-05
A2BLD-00134,10318 Ann Arbor,1901 Plymouth Road,Senior Living Community,127803.0,2000.0,42.3001202294172,-83.71584576010446,1,17083.199969445526,68332.7998777821,45.93261914,4.0,4.0,0.0691304717947587,86.0,0.7988268517698671,18570.09835715614,9286.111466556556,0.5499749758361695,19951.7975250817,61467.45225460964,618312.2656169826,145.30252307970972,156.11368688592364,False,,5267.754843517391,625.0132524119588,A2BLD-00134,metered,36,2021,2023,2.758338749543784e-05,True,3.643569189991976e-05
A2BLD-00140,City Place,425 S 5th Ave,Multifamily Housing,64750.0,2012.0,42.27676361275361,-83.7458850342753,3,17462.39667061944,51644.570143813675,30.0,3.0,2.9574731990085814,0.07956852279233732,100.0,0.955837648259803,7345.174674830351,3538.176171225764,0.2772896272887525,16233.636450807826,3216.393818144661,277896.342886209,113.43899111707107,250.71253205880814,False,,5230.5171182282775,641.0687405026682,A2BLD-00140,metered,24,2022,2023,2.168791126249024e-05,True,2.552726163603744e-05
A2BLD-00141,ARBOR HILLS APARTMENT 2030 District,2001 HURON PARKWAY,Multifamily Housing,55678.0,1967.0,42.25796588097404,-83.69405623359145,10,40391.029049437915,105115.77317892169,31.07869374,3.0,2.6024534569362374,0.1052246845130079,67.0,0.9786755159744451,41656.9581306272,6962.263469501552,0.9145253496532073,33770.22054739118,0.0,205069.70516905215,748.1762658613312,606.5271839396382,False,,5189.414891005348,663.3909201583506,A2BLD-00141,metered,24,2022,2023,0.00014417353046065404,True,0.0001457694075176418
A2BLD-00145,Brookside Apartment,1500 Plymouth Rd,Multifamily Housing,54080.0,1966.0,42.29427803757902,-83.73241282135598,4,34463.5933231494,68927.1866462988,24.69363619,2.0,2.0,0.11040268264316344,58.0,0.9748756188371374,35271.82355418544,11451.70855995385,0.8315779823033326,20175.836932499395,6836.442197363889,164375.52509075424,652.2156722297603,373.0739077755066,False,,5210.2426167844915,653.5443868862644,A2BLD-00145,metered,24,2022,2023,0.00012517952045624242,True,0.000137564583310564
A2BLD-00146,Jackson West Apartments,2041 Jackson Ave,Multifamily Housing,53768.0,1963.0,42.280303985504396,-83.77385763105303,2,19503.78652904008,58511.35958712024,24.05806145,3.0,3.0,0.08571197775326554,97.0,0.840091128338123,35235.2088001637,5761.507171212113,,,,,655.319312605336,,False,,5284.825342134178,613.3134281428859,A2BLD-00146,metered,11,2023,2023,0.00012400018357857357,False,0.0001399123091400513
A2BLD-00165,Forest Plaza,715 S. Forest,Multifamily Housing,49220.0,1929.0,42.273328253354364,-83.73189397711813,1,14088.598819808438,70442.99409904219,52.73788802,5.0,5.0,0.06385476993111455,78.0,0.8353122714948243,32213.804136292165,7730.7774639699455,0.4490123791206617,10683.365509341756,0.0,114513.29075202123,654.4860653452288,217.05334232713847,False,,5254.147107777931,630.3178804873278,A2BLD-00165,metered,11,2023,2023,0.000124565614917094,False,0.00014053186275248195
A2BLD-00167,400 Maynard,400 Maynard,Multifamily Housing,48830.0,1960.0,42.27766076790681,-83.74226886609975,1,5311.087536856458,53110.875368564586,100.0,10.0,10.0,0.06514570091069496,24.0,0.9675142349035774,36572.91837354495,2444.9804532875155,0.7740694559621645,61347.27968393053,17540.26647881897,386092.4194701006,748.9846072812809,1256.3440443155955,False,,5252.401095195151,632.6809574363059,A2BLD-00167,metered,12,2023,2023,0.0001425985170794449,True,0.0001489933089428142
A2BLD-00168,1500 Pauline,1500 Pauline Blvd,Multifamily Housing,47971.0,2014.0,42.268735491109794,-83.76566488845245,6,23501.085681652065,44191.50946661887,25.0,2.0,1.8804028913915403,0.11782374677069186,93.0,0.9382554667988909,6917.919058120411,5981.363749153741,0.8657156685926664,29748.649456417865,0.0,208550.56846086495,144.2104408521901,620.1381971694954,False,,5297.950065756441,610.1218430527255,A2BLD-00168,metered,12,2023,2023,2.722004531229943e-05,True,4.3658308882386277e-05
A2BLD-00176,Maiden Lane LLC,1005 Maiden Lane,Multifamily Housing,125338.0,1965.0,42.29056476766355,-83.73447908042374,6,64401.07794860566,193203.23384581698,26.88388455,3.0,3.0,0.10089884219242448,62.0,0.9521892285759035,67121.1323428028,15161.95758739824,0.8879074977617548,93545.53792187586,0.0,756830.4197713548,535.5210099315674,746.3461832953761,False,,5210.2426167844915,653.5443868862644,A2BLD-00176,metered,36,2021,2023,0.0001027823557019049,True,0.00011113066202641767
A2BLD-00185,Ivanhoe (vn348),1529 Pine Valley Boulevard,Multifamily Housing,41312.0,1964.0,42.251618619123164,-83.72483356615993,3,30280.864531948115,55988.50979357332,22.01605026,2.0,1.8489732925062992,0.10129563068984276,77.0,0.9623954648421953,25907.004038735802,2067.214506993185,0.787621382892678,22077.804938760088,0.0,112035.60028870209,627.1060234008473,534.4162698189409,False,,5229.882735842478,641.773374021167,A2BLD-00185,metered,11,2023,2023,0.00011990823792339338,False,0.00012162126757655546
A2BLD-00205,Escher,1500 Gilbert Ct,Residence Hall/Dormitory,48514.0,1970.0,42.29565656391484,-83.72473447055106,1,19532.384271835617,58597.15281550685,29.0,3.0,3.0,0.11094531519742849,77.0,0.9736062874986301,26387.82277148256,5765.574131808031,0.5283665921576249,14262.751205525467,53102.7701720015,243573.35667819486,543.9218116725597,293.99248063498095,False,,5253.59567567382,631.9468810581019,A2BLD-00205,metered,12,2023,2023,0.0001035332456570893,True,0.0001188792889050694
A2BLD-00208,SEQUOIA PLACE,1131 N. MAPLE ROAD,Multifamily Housing,49204.0,1996.0,42.292977484435134,-83.78150811778664,2,20650.78310371699,41127.72609718334,26.50528534,2.0,1.9915819119605518,0.07717417708765073,100.0,0.9298300817147873,72.82973679463556,112.89387464836521,0.7600194263588944,30932.10174722189,0.0,178352.99520545595,1.4801588650238917,628.6501452569281,True,0.0,5302.242995536923,605.7874339364112,A2BLD-00208,metered,12,2023,2023,2.7915711638825136e-07,True,5.334274345601177e-07
A2BLD-00216,611 Church,611 Church,Multifamily Housing,35312.0,1968.0,42.274519111190486,-83.73427547568683,1,9614.299883229147,38457.19953291659,45.0,4.0,4.0,0.06457141631764537,0.0,0.9731742539525166,8269.178470332321,1702.475042827739,0.331983577263257,52579.2080635019,0.0,407994.73112363764,234.17474145707752,1488.9898069636922,False,,5254.147107777931,630.3178804873278,A2BLD-00216,metered,12,2023,2023,4.456950607843069e-05,True,5.192522821195634e-05
A2BLD-00226,912 S. Forest,912 S Forest,Multifamily Housing,34000.0,1967.0,42.270936912136094,-83.73351740027314,1,11035.103704031873,33105.31111209562,34.82097013,3.0,2.9999999999999996,0.07032418363936789,95.0,0.9880470403158067,12653.120697185463,1551.018292805259,0.38347947026425544,7378.0611247374545,0.0,87884.17710654195,372.1506087407489,217.0017977863957,False,,5254.147107777931,630.3178804873278,A2BLD-00226,metered,12,2023,2023,7.082987992282115e-05,True,7.7622136861382e-05
A2BLD-00228,Clark Forest,1006 Catherine,Multifamily Housing,33723.0,1999.0,42.282892805861024,-83.73638082524104,1,7542.335795287317,37711.67897643658,48.17974314,5.0,5.0,0.07254348918754557,67.0,0.9773068196867345,23039.98286473217,3185.1298130876953,0.674931125566617,0.0,13076.853956147837,36619.51004373788,683.212729138338,0.0,False,,5223.016714702451,645.7876505608988,A2BLD-00228,metered,9,2023,2023,0.00013080806868090978,False,0.00014594937086266781
A2BLD-00233,Carrot Way Campus,3 - 63 Carrot Way,Multifamily Housing,32976.0,2004.0,42.316865411218714,-83.72764434155496,6,21452.84423042353,42905.68846084706,23.0,2.0,2.0,0.13126588228560981,73.0,0.9888812376974228,9120.428145021937,6747.255296431849,0.8359086021700965,27283.06647092471,0.0,157374.2914888564,276.5777579155124,827.3613073424524,False,,5298.067772379192,614.8956719805979,A2BLD-00233,metered,11,2023,2023,5.220351452607225e-05,False,7.613844665951812e-05
A2BLD-00240,Heritage House,829 Tappan Ave,Multifamily Housing,32280.0,1968.0,42.271277499724704,-83.73664054854106,1,9064.41022699833,36257.64090799332,42.34074874,4.0,4.0,0.0673764322925244,0.0,0.9869309682330284,15684.090151727361,3173.4097659606787,0.5328703229973294,178.4354789688987,4980.021772543016,23766.947941512826,485.8763987523966,5.527740984166627,False,,5254.147107777931,630.3178804873278,A2BLD-00240,metered,11,2023,2023,9.247483726390791e-05,False,9.864053330062076e-05
A2BLD-00251,820 Fuller and MSJ Holdings,820 Fuller,Multifamily Housing,48907.0,1966.0,42.285921617774456,-83.73914472901248,1,11144.603627216273,33433.81088164882,29.40796432,3.0,3.0,0.07699886479921253,100.0,0.9663319244126501,11195.338472213043,1373.9660324307529,0.6591435349014361,13073.952603150288,0.0,86077.72697706416,228.910758627866,267.3227268724372,False,,5226.066996601832,643.2131981183235,A2BLD-00251,metered,12,2023,2023,4.380172676253703e-05,True,4.711661377614829e-05
A2BLD-00254,Alpha Gamma Delta,1322 Hill St,Other - Lodging/Residential,24000.0,1920.0,42.27184585533307,-83.73223801784555,1,6922.245299231866,20766.7358976956,35.35495805,3.0,3.0,0.08960460342735699,0.0,0.9451385921789359,8428.21863597446,2110.813329834898,0.32066207945003766,0.0,26779.55864899988,67088.8863257076,351.17577649893576,0.0,False,,5254.147107777931,630.3178804873278,A2BLD-00254,metered,11,2023,2023,6.683782720492843e-05,False,6.949881887924729e-05
A2BLD-00256,Gallatin Manor,332 E William St,Multifamily Housing,29768.0,1925.0,42.277488926708436,-83.74465183046848,1,7505.8387574528615,22517.516272358585,37.67493012,3.0,3.0,0.09844085734617486,74.0,0.9728476636183352,13231.479468277077,4313.553293644563,0.7456122504020122,7032.678574945122,27425.978895726632,108936.19825431192,444.4866792621969,236.249616196759,False,,5252.401095195151,632.6809574363059,A2BLD-00256,metered,12,2023,2023,8.462542582073735e-05,True,0.0001054237903098992
A2BLD-00261,Huron River Flats,2230 Fuller,Multifamily Housing,28256.0,1966.0,42.28514950589761,-83.71576514929978,2,14702.188163471428,29404.376326942856,25.18589096,2.0,2.0,0.10485536284649415,90.0,0.9806332797670848,13266.335147918864,2465.458379630549,0.23027342024906106,4180.323120822252,0.0,69075.15704155664,469.50506610698136,147.94461780939454,False,,5195.576698003079,662.1806558417536,A2BLD-00261,metered,12,2023,2023,9.036630453120549e-05,True,0.00010152613900384152
A2BLD-00262,Pi Beta Phi,836 Tappan,Residence Hall/Dormitory,20465.0,1908.0,42.27086299307119,-83.73734223510876,1,7449.630436018664,22348.891308055994,27.52652488,3.0,3.0000000000000004,0.08791686819892974,84.0,0.9459697648467401,11012.82517037832,2069.392081723663,0.25359206040022864,18034.736770426465,21922.846386479447,52862.719891362314,538.1297420170202,881.247826553944,False,,5254.147107777931,630.3178804873278,A2BLD-00262,metered,12,2023,2023,0.00010241999909374534,True,0.00010941680596382904
A2BLD-00267,921 S Main,921 S Main,Multifamily Housing,27834.0,1980.0,42.269531654967466,-83.74968992540019,2,9226.54131438561,27679.623943156825,39.1652969,3.0,2.9999999999999996,0.09534061383637463,81.0,0.9639669662735295,10574.701764922262,1974.819866418117,0.9432980976534171,28692.571809703557,0.0,105709.66272039784,379.9203048402049,1030.846152536594,False,,5256.219416752197,628.3152783452246,A2BLD-00267,metered,12,2023,2023,7.228014561746674e-05,True,8.613995040371242e-05
A2BLD-00268,Evans Scholars Michigan,1800 Washtenaw,Residence Hall/Dormitory,28798.0,1958.0,42.27007487672073,-83.72558611489264,1,9216.082671569047,27648.24801470714,33.98390216,3.0,3.0,0.09030005519762575,0.0,0.9790026656976789,6819.805204741917,1029.0600192851293,0.03579921964872157,4335.255379611825,8750.746736282259,176777.79763232198,236.8152373339092,150.5401548583869,False,,5255.016735279895,631.0659714697648,A2BLD-00268,metered,11,2023,2023,4.506460193438296e-05,False,4.980651100066664e-05
A2BLD-00284,1001 S. Forest,1001 S. Forest Ave,Multifamily Housing,25986.0,1966.0,42.270298193780135,-83.73279794883314,1,9600.04038569628,28800.12115708884,24.93888059,3.0,3.0,0.0846812871833421,79.0,0.9727214646412098,16364.89876610375,1725.0900973884602,0.20362739145963382,16676.611967887606,808.1883937269591,84367.47465024586,629.7582839261045,641.7537123023016,False,,5236.7725256093345,640.0031491692819,A2BLD-00284,metered,9,2023,2023,0.00012025694850146804,False,0.00013124126633369128
A2BLD-00285,Eastwind,2025 S Huron Pkwy,Multifamily Housing,25924.0,1966.0,42.257901014112164,-83.6938583162428,3,23125.85667262295,37657.29933380517,24.9523126,2.0,1.6283634317592632,0.11028136649782508,74.0,0.959839363883523,13233.073423890473,3644.9768929673487,0.49465246965089826,4495.060251057211,1609.9903388790704,133857.5856387891,510.4564659732477,173.39377607842968,False,,5189.414891005348,663.3909201583506,A2BLD-00285,metered,12,2023,2023,9.836493645131478e-05,True,0.00010957462024527538
A2BLD-00288,Stays By 4M,830 Henry St,Other - Lodging/Residential,26500.0,2019.0,42.26124424469948,-83.73775519437226,1,11980.008765124328,35940.02629537298,31.0,3.0,3.0,0.0702948247569845,0.0,0.7559516433498916,10740.751242813967,976.9653160654848,0.540166630715841,17731.783557601702,16906.963691590445,113643.22650039877,405.31136765335725,669.1239078340265,False,,5247.192797444889,633.0734543902336,A2BLD-00288,metered,12,2023,2023,7.72434677549342e-05,True,8.001984548171175e-05
A2BLD-00289,125 W Hoover,125 W Hoover,Multifamily Housing,25462.0,1970.0,42.26924066868921,-83.7514802945066,1,9858.215169301739,29574.645507905218,34.88773307,3.0,3.0,0.07101911579855731,80.0,0.9701627970117606,12492.416336238188,1454.0016572981779,0.8787339648504138,9915.359690325138,0.0,70664.84699582233,490.6298144779746,389.41794400774245,False,,5256.691867634908,628.2465136458261,A2BLD-00289,metered,11,2023,2023,9.333433018943887e-05,False,9.899901901103441e-05
A2BLD-00301,Charlton Apartments,2047 Charlton Ave,Multifamily Housing,24291.0,1965.0,42.279360301195105,-83.77363468203535,1,8384.911829722285,25154.735489166855,25.96067749,3.0,3.0,0.09190253305151208,49.0,0.9848622775434679,23703.638648461645,6769.180502936681,0.8653752383693089,26574.095600693698,0.0,181372.08094787152,975.819795334142,1093.9893623438186,False,,5284.825342134178,613.3134281428859,A2BLD-00301,metered,12,2023,2023,0.00018464560929842868,True,0.0002158170664665864
A2BLD-00315,Huron Plaza,712 W Huron,Multifamily Housing,22770.0,1966.0,42.28229596782662,-83.75634136150818,1,8543.79934466216,25631.39803398648,32.90936051,3.0,3.0,0.07795854394498886,91.0,0.9597471156709529,13339.006267814404,3592.515460677614,0.9691743738232759,4068.0045314362765,89585.81903670874,102402.47282928192,585.8149436896972,178.65632549127258,False,,5236.746864879501,636.7394421389488,A2BLD-00315,metered,12,2023,2023,0.00011186619456794707,True,0.00012418589847087232
A2BLD-00330,The Forum,726 S State,Multifamily Housing,21308.0,1960.0,42.272410446432644,-83.74105659620926,1,6065.174093518936,24260.696374075746,37.83935356,4.0,4.0,0.08221390711275942,94.0,0.9647054874676875,8596.363486519362,1573.6217071795345,0.060130473129716644,5305.8768042914435,3172.4271203666385,52760.37724513524,403.43361584941624,249.00867300034932,False,,5252.401095195151,632.6809574363059,A2BLD-00330,metered,11,2023,2023,7.680936937936321e-05,False,8.362101396584689e-05
A2BLD-00335,The Lion,525 Walnut,Multifamily Housing,20506.0,1960.0,42.27577601065332,-83.72935098990956,1,4956.189896136445,14868.569688409334,42.75794251,3.0,3.0,0.08020613375320412,0.0,0.9840638679587177,12459.45820672342,582.6153385870971,0.14973339575986422,2201.9545737581625,0.0,54690.48594507968,607.6006147821819,107.38098964976898,False,,5254.147107777931,630.3178804873278,A2BLD-00335,metered,10,2023,2023,0.00011564210181377024,False,0.00012032141094509938
A2BLD-00502,The Villas at Northstar,2820 Windwood Drive,Multifamily Housing,505246.0,1988.0,42.31898307007543,-83.70155363352325,86,406825.38809793757,720235.8882791273,28.52706328,2.0,1.7703808792428177,0.10424775985286261,100.0,0.8588760252775605,83032.3988361447,32676.5107696307,0.6664390395077429,202065.78973784533,0.0,892134.4448080387,164.34053676059722,399.93545666436813,False,,5330.167531084313,601.6078093299036,A2BLD-00502,metered,36,2021,2023,3.083215223577888e-05,True,3.834438572253485e-05
A2BLD-00503,The George,2502 Packard St.,Multifamily Housing,315108.0,2016.0,42.24999817335398,-83.72242768682347,5,99099.93203984,280603.5751433787,50.0,3.0,2.8315213680527136,0.05040461216089041,0.0,0.002692259773366179,183.63390225289984,7697.012083906334,0.9486716732278179,76735.89311560807,392286.55031896906,1175779.8323945259,0.5827649639263359,243.52251645660556,True,1244.9272957810308,5229.730060738147,641.4669240985427,A2BLD-00503,metered,24,2022,2023,1.1143308682438609e-07,False,2.5167693284922565e-06
A2BLD-00504,Owl Creek Apartments Campus,3400 Nixon Road (3380 Nixon),Multifamily Housing,301086.0,2019.0,42.322751486569985,-83.70574358385882,33,165564.01345525344,384881.93773629295,35.0,3.0,2.3246714651569738,0.08175842274091402,82.0,0.7119982904902906,37620.103081039284,5544.112609045133,0.29680572541802186,102534.01266485272,214400.15685354592,1731288.7933541844,124.94803172860672,340.54726113088196,False,,5335.268631317792,598.9521959591002,A2BLD-00504,metered,36,2021,2023,2.3419257841145482e-05,True,2.6942396352117113e-05
A2BLD-00505,Foundry Lofts,413 E. Huron St.,Multifamily Housing,320086.0,2014.0,42.281508420133235,-83.74330596396229,2,28101.442095922517,333096.85485290654,150.0,13.0,11.85337228302737,0.04197995105427317,71.0,0.8888666667169209,25941.12742700342,5353.105155527119,0.9364202970574312,28789.914062130578,846047.7722130392,2746658.41826077,81.04424256919522,89.9443089111382,False,,5226.066996601832,643.2131981183235,A2BLD-00505,metered,35,2021,2023,1.550769299779221e-05,True,1.8412296283108686e-05
A2BLD-00507,ReNew Ann Arbor,275 Harbor Way,Multifamily Housing,245432.0,1990.0,42.248651619007106,-83.74486653375828,17,116423.31389977198,341827.63211264065,39.2944732,3.0,2.93607543594677,0.07956653957848057,1.0,0.9778912914327176,182053.14166346574,72447.77391922701,0.9284032781211278,519690.0775606305,75647.29554171747,1814950.683270928,741.7661171463612,2117.450363280381,False,,5254.242852515748,628.4008927149594,A2BLD-00507,metered,24,2022,2023,0.00014117469214259886,True,0.00017634788645816817
A2BLD-00508,"Ann Arbor Senior Living Owner, LLC",2830 S. Main Street,Senior Living Community,219972.0,2019.0,42.2456674555319,-83.75108627921405,2,77573.57684399947,306409.04273074487,145.0,4.0,3.9499151024959662,0.041123390540458285,91.0,0.9652290836863818,57573.27900715675,27404.513990627463,0.24906941070715427,91462.2520040832,90924.77656660051,1588491.447875043,261.7300338550213,415.7904278912007,False,,5254.7530772988275,629.6012388498785,A2BLD-00508,metered,36,2021,2023,4.980824598318937e-05,True,6.244120483900854e-05
A2BLD-00509,McKinley at Park Place Apartments LLC,1980 Pauline Blvd,Multifamily Housing,179981.0,1965.0,42.26829284047392,-83.77813265104527,15,113038.93395103219,331960.00529835426,29.61989866,3.0,2.9366873314831277,0.0927523656559736,67.0,0.9617548918430581,107795.16627010936,14735.934516889278,0.935528499865855,277194.41419041384,38340.276737298555,890795.7258146708,598.9252547219393,1540.1315371645553,False,,5302.267199369074,608.0740409871408,A2BLD-00509,metered,36,2021,2023,0.00011295644527178988,True,0.0001262688548401331
A2BLD-00510,Briar Cove,650 Waymarket St,Multifamily Housing,290126.0,1989.0,42.24297227652261,-83.75530469135346,53,187900.47622946324,476086.898190453,33.09480185,3.0,2.5337184223474654,0.11105111127534331,80.0,0.9709489812310058,107269.19611264691,32127.144874044574,0.880456054127933,218300.73085657242,8084.299273335897,1069987.5845648968,369.73313702545414,752.4342211886299,False,,5263.974500790845,624.8919647772315,A2BLD-00510,metered,36,2021,2023,7.023839818561174e-05,True,8.237986676507611e-05
A2BLD-00511,Ann Arbor City Club Apartments,201 South First Street,Multifamily Housing,138502.0,2013.0,42.28016127322884,-83.75069366245874,3,29643.1922461182,203065.6715713629,95.0,9.0,6.850330756734019,0.05195954300774051,97.0,0.975805746116852,28220.466969902107,11291.82497136054,0.8725368432694979,107724.62998913602,0.0,849430.5127151276,203.75494194958995,777.783930839526,False,,5223.14604874457,643.6493056100437,A2BLD-00511,metered,36,2021,2023,3.901000279296503e-05,True,4.979696936128627e-05
A2BLD-00513,Brookhaven Manor,401 W. Oakbrook Drive,Multifamily Housing,129300.0,1989.0,42.24520826065177,-83.75296139568351,1,51400.92218743049,154202.76656229148,31.99570759,3.0,3.0,0.07181760261437001,70.0,0.9602366815868146,26495.958788895845,12479.394176140515,0.8712665487894818,139759.57555054416,0.0,774244.4770626645,204.91847477877684,1080.8938557660028,False,,5254.7530772988275,629.6012388498785,A2BLD-00513,metered,36,2021,2023,3.899678477073444e-05,True,4.9517225683019175e-05
A2BLD-00514,ArborBlu (rl75),624 Church Street,Multifamily Housing,94467.0,2015.0,42.273978485499896,-83.73480311275655,1,11275.528529618708,135306.3423554245,145.0,12.0,12.0,0.05639420468375679,49.0,0.8278040516062377,20676.4719023419,10059.177992051296,0.6038536257160857,9786.711303059297,116086.41783746611,927026.0236527862,218.87507703581036,103.59926009145308,False,,5254.147107777931,630.3178804873278,A2BLD-00514,metered,22,2022,2023,4.165758448441624e-05,True,5.462465464708085e-05
A2BLD-00517,Manchester West,1900 W. Liberty Street,Multifamily Housing,115158.0,1979.0,42.27764765501829,-83.77197139491733,12,47937.75708749512,123519.76242144789,35.39529616,3.0,2.5766696217347396,0.09670324033387469,94.0,0.9641830405860506,22897.528429177357,9368.437428179443,0.700808061174865,67407.51686745853,0.0,502917.0404013337,198.83575981848725,585.3481031926442,False,,5288.4689999378015,614.2116871317432,A2BLD-00517,metered,36,2021,2023,3.7597981536967656e-05,True,4.647063782796987e-05
A2BLD-00522,Shoreview Apartments,420 Kellogg St,Multifamily Housing,99600.0,1968.0,42.29306206822431,-83.74254706573399,4,57867.94382338342,115735.88764676685,24.42627872,2.0,2.0,0.0933901622491658,100.0,0.974754632072022,17880.654181852668,5995.081171696607,0.9115924639912087,56299.952660075265,0.0,349348.4301967042,179.52464038004686,565.2605688762577,False,,5210.646495871825,652.9548332034605,A2BLD-00522,metered,24,2022,2023,3.445342924765222e-05,True,3.883699931664591e-05
A2BLD-00534,Island Drive Campus,1000-1094 Island Drive ; 1099-1121 Maiden Lane Ct,Multifamily Housing,306314.0,1962.0,42.29069274996598,-83.73269518100584,20,135272.2059366353,344771.6391559379,25.39508291,3.0,2.5487248970970215,0.10845250807057794,94.0,0.9494527438294104,117505.72427451207,35785.29585117167,0.13090760684746805,22178.01114030016,0.0,621845.546133379,383.6119938184741,72.40286483902192,False,,5210.2426167844915,653.5443868862644,A2BLD-00534,metered,36,2021,2023,7.36265126277787e-05,True,7.88049809275862e-05
A2BLD-00547,23086-Brookdale Ann Arbor,2190 Ann Arbor Rd,Senior Living Community,45207.0,2000.0,42.254544381136554,-83.75324640982538,1,25813.928161721768,51627.856323443535,36.40757973,2.0,2.0,0.07077301744706359,70.0,0.9135120381386649,9503.497459951352,5796.713255789797,0.6821030582769048,39132.9823977977,67104.29295598532,476384.1038769874,210.2218121076681,865.6398875793062,False,,5275.731433504761,620.9567281639585,A2BLD-00547,metered,12,2023,2023,3.9846951035567414e-05,True,5.568378386535561e-05
A2BLD-00560,Miller Maple Townhomes CAMPUS,2505 Miller Ave,Multifamily Housing,33720.0,1964.0,42.294262081088576,-83.78190893876877,5,19831.96412501099,39663.92825002198,24.82898251,2.0,2.0,0.11957477686269907,85.0,0.9733918209054355,11207.48352153042,3990.3496726430812,0.8695889011336948,31727.290121152597,0.0,106880.64182096858,332.3690249564182,940.9042147435528,False,,5302.242995536923,605.7874339364112,A2BLD-00560,metered,11,2023,2023,6.268460823771833e-05,False,8.115164645456034e-05
A2BLD-00561,809 East Kingsley,809 East Kingsley,Multifamily Housing,31177.0,1929.0,42.28525327661917,-83.73934554367767,1,6231.61369756757,18694.84109270271,42.4014107,3.0,3.0,0.08641430962531692,62.0,0.9947367703326864,19461.87134467516,4220.089367285065,0.8722402156347552,10939.083227481162,1820.2815054489597,75901.53318414702,624.2381032387708,350.87029629153415,False,,5226.066996601832,643.2131981183235,A2BLD-00561,metered,12,2023,2023,0.00011944701505829756,True,0.0001345581596458328
A2BLD-00565,Upland Green Apartments,1771/1777 Plymouth Rd.,Multifamily Housing,64564.0,2008.0,42.29837039808725,-83.71972071143946,1,16313.026392536973,48939.07917761092,42.75066172,3.0,3.0,0.0567541634357919,25.0,0.8525556582148524,14104.687856278597,8895.490593187293,0.7440844122656647,83531.81260388462,201656.34577588816,544957.2208522937,218.46056403380518,1293.7831082938576,False,,5267.754843517391,625.0132524119588,A2BLD-00565,metered,24,2022,2023,4.147128530528472e-05,True,5.60276835342883e-05
A2BLD-00571,Pratt Block,306 S. Main Street,Multifamily Housing,23930.0,1896.0,42.27923256841569,-83.74896428629727,1,6833.039699449902,20499.119098349707,45.0,3.0,3.0,0.07137216833578675,0.0,0.9494152956550767,2946.3681771169568,695.8949724542193,0.8516827177449353,15774.107141659755,0.0,141614.99431748965,123.12445370317413,659.1770640058402,False,,5222.668453729952,643.6736686814554,A2BLD-00571,metered,12,2023,2023,2.3575008598380485e-05,True,2.8925504909958703e-05
A2BLD-00575,Maple Cove,1649 and 1645 N Maple Road,Multifamily Housing,21231.0,2015.0,42.296497230642466,-83.78134369808157,2,12768.330442586457,38304.99132775937,35.0,3.0,3.0,0.07882757267049707,52.0,0.8867396162733444,3149.6528758074833,38.94728716260507,0.6108495086210659,10203.399796421281,23011.46610536775,237320.49939889228,148.35160264742512,480.58969414635584,False,,5304.7826098906135,602.6714841584696,A2BLD-00575,metered,9,2023,2023,2.7965632817983508e-05,False,3.1810012656532617e-05
A2BLD-00581,Cranbrook Tower Apartments,2901 Northbrook Place,Multifamily Housing,167748.0,1979.0,42.24526076420671,-83.7548727273919,2,24280.970571989175,168065.12069616845,61.33661788,7.0,6.921680506876048,0.05953181516734362,96.0,0.9670255718787157,42080.67039872807,12057.950725902407,0.7154744947358742,40281.45655752068,25407.13232157576,755564.2905073743,250.85646564327487,240.13077090350217,False,,5263.974500790845,624.8919647772315,A2BLD-00581,metered,36,2021,2023,4.76553345016369e-05,True,5.1597617619352824e-05
A2BLD-00584,Hickory Way (CAMPUS),1120 - 1130 S Maple,Multifamily Housing,84876.0,2019.0,42.268268463644816,-83.78115701486558,3,30772.87556106689,91781.6071438975,32.0,3.0,2.98254893215171,0.07324774024975414,73.0,0.5774822331524695,333.03363675306997,200.03052804823318,0.9740895458284609,6721.290325835316,294367.86419055617,432366.1807723115,3.923766868762312,79.1895273791804,True,3468.2108510127264,5319.548594787957,598.8894027676185,A2BLD-00584,metered,16,2022,2023,7.376127501883865e-07,False,1.072127735496986e-06
A2BLD-00637,"Arrowwood Hills Cooperative - 2566 Arrowwood Trail, Ann Arbor, MI 48105, USA","2566 Arrowwood Trail, Ann Arbor, MI 48105, USA",Multifamily Housing,344472.0,1970.0,42.30856823989889,-83.7288365183384,66,230755.8612211242,451941.84024580155,25.36431426,2.0,1.9585281078200807,0.13350310344887095,79.0,0.943604610405647,108381.06617857952,54649.24967734222,0.4718790040310198,158939.57639378356,0.0,1190152.2460308105,314.62953789736036,461.4005678074954,False,,5265.090765913574,627.0129150282118,A2BLD-00637,metered,12,2023,2023,5.975766646498967e-05,True,8.06255596647988e-05
A2BLD-00666,Wyndham Hill,1210 W Stadium,Multifamily Housing,46800.0,1958.0,42.26430924276721,-83.76040086478072,6,33347.44323558966,100042.32970676899,23.8680196,3.0,3.0000000000000004,0.11722964018898491,98.0,0.8299494496572096,11465.589723630133,3114.844385107699,0.8070751248513639,15172.332384640638,0.0,235272.97232796357,244.9912334109003,324.19513642394526,False,,5283.720562535465,616.6297441991375,A2BLD-00666,metered,11,2023,2023,4.63671820852952e-05,False,5.800482037009611e-05
A2BLD-00674,Glacier Hills The Villas,Glacier Hills and Glacier Hills Circle,Multifamily Housing,52400.0,2002.0,42.288666249649474,-83.68044348589603,13,59997.93638345445,69352.62941812194,23.94818919,2.0,1.1559169131231524,0.11972138232485598,89.0,0.9725695306141865,16785.91330484823,4538.126497802318,0.8158414685110819,16267.637774909243,15729.05737183167,112618.24590824448,320.34185696275244,310.45110257460385,False,,5262.582034474461,626.995688093779,A2BLD-00674,metered,24,2022,2023,6.0871612996098957e-05,True,6.714919723247778e-05
