date,element,value,mflag,qflag,sflag
2025-11-01,TMAX,117,,,7
2025-11-02,TMAX,133,,,7
2025-11-03,TMAX,144,,,7
2025-11-04,TMAX,156,,,7
2025-11-05,TMAX,139,,,7
2025-11-06,TMAX,122,,,7
2025-11-07,TMAX,139,,,7
2025-11-08,TMAX,111,,,7
2025-11-09,TMAX,39,,,7
2025-11-10,TMAX,-6,,,7
2025-11-11,TMAX,17,,,7
2025-11-12,TMAX,100,,,7
2025-11-13,TMAX,106,,,7
2025-11-14,TMAX,156,,,7
2025-11-15,TMAX,183,,,7
2025-11-16,TMAX,156,,,7
2025-11-17,TMAX,67,,,7
2025-11-18,TMAX,39,,,7
2025-11-19,TMAX,83,,,7
2025-11-20,TMAX,67,,,7
2025-11-21,TMAX,106,,,7
2025-11-22,TMAX,67,,,7
2025-11-23,TMAX,117,,,7
2025-11-24,TMAX,94,,,7
2025-11-25,TMAX,94,,,7
2025-11-26,TMAX,100,,,7
2025-11-27,TMAX,11,,,7
2025-11-28,TMAX,0,,,7
2025-11-29,TMAX,-11,,,7
2025-11-30,TMAX,11,,,7
2025-11-01,TMIN,6,,,7
2025-11-02,TMIN,-39,,,7
2025-11-03,TMIN,17,,,7
2025-11-04,TMIN,-6,,,7
2025-11-05,TMIN,44,,,7
2025-11-06,TMIN,-44,,,7
2025-11-07,TMIN,39,,,7
2025-11-08,TMIN,22,,,7
2025-11-09,TMIN,-6,,,7
2025-11-10,TMIN,-61,,,7
2025-11-11,TMIN,-67,,,7
2025-11-12,TMIN,-11,,,7
2025-11-13,TMIN,-44,,,7
2025-11-14,TMIN,-33,,,7
2025-11-15,TMIN,6,,,7
2025-11-16,TMIN,28,,,7
2025-11-17,TMIN,-28,,,7
2025-11-18,TMIN,-67,,,7
2025-11-19,TMIN,-22,,,7
2025-11-20,TMIN,-33,,,7
2025-11-21,TMIN,56,,,7
2025-11-22,TMIN,-22,,,7
2025-11-23,TMIN,-17,,,7
2025-11-24,TMIN,-61,,,7
2025-11-25,TMIN,28,,,7
2025-11-26,TMIN,0,,,7
2025-11-27,TMIN,-17,,,7
2025-11-28,TMIN,-44,,,7
2025-11-29,TMIN,-50,,,7
2025-11-30,TMIN,-28,,,7
2025-11-01,SNOW,0,,,7
2025-11-02,SNOW,0,,,7
2025-11-03,SNOW,0,,,7
2025-11-04,SNOW,0,,,7
2025-11-05,SNOW,0,,,7
2025-11-06,SNOW,0,,,7
2025-11-07,SNOW,0,,,7
2025-11-08,SNOW,0,,,7
2025-11-09,SNOW,81,,,7
2025-11-10,SNOW,3,,,7
2025-11-11,SNOW,0,T,,7
2025-11-12,SNOW,0,,,7
2025-11-13,SNOW,0,,,7
2025-11-14,SNOW,0,,,7
2025-11-15,SNOW,0,,,7
2025-11-16,SNOW,0,,,7
2025-11-17,SNOW,0,,,7
2025-11-18,SNOW,3,,,7
2025-11-19,SNOW,0,,,7
2025-11-20,SNOW,0,,,7
2025-11-21,SNOW,0,,,7
2025-11-22,SNOW,0,,,7
2025-11-23,SNOW,0,,,7
2025-11-24,SNOW,0,,,7
2025-11-25,SNOW,0,,,7
2025-11-26,SNOW,0,T,,7
2025-11-27,SNOW,28,,,7
2025-11-28,SNOW,0,T,,7
2025-11-29,SNOW,13,,,7
2025-11-30,SNOW,140,,,7
2025-11-01,SNWD,0,,,7
2025-11-02,SNWD,0,,,7
2025-11-03,SNWD,0,,,7
2025-11-04,SNWD,0,,,7
2025-11-05,SNWD,0,,,7
2025-11-06,SNWD,0,,,7
2025-11-07,SNWD,0,,,7
2025-11-08,SNWD,0,,,7
2025-11-09,SNWD,51,,,7
2025-11-10,SNWD,25,,,7
2025-11-11,SNWD,0,T,,7
2025-11-12,SNWD,0,,,7
2025-11-13,SNWD,0,,,7
2025-11-14,SNWD,0,,,7
2025-11-15,SNWD,0,,,7
2025-11-16,SNWD,0,,,7
2025-11-17,SNWD,0,,,7
2025-11-18,SNWD,0,,,7
2025-11-19,SNWD,0,,,7
2025-11-20,SNWD,0,,,7
2025-11-21,SNWD,0,,,7
2025-11-22,SNWD,0,,,7
2025-11-23,SNWD,0,,,7
2025-11-24,SNWD,0,,,7
2025-11-25,SNWD,0,,,7
2025-11-26,SNWD,0,T,,7
2025-11-27,SNWD,0,,,7
2025-11-28,SNWD,0,,,7
2025-11-29,SNWD,25,,,7
2025-11-30,SNWD,127,,,7
2025-12-01,TMAX,-6,,,7
2025-12-02,TMAX,-6,,,7
2025-12-03,TMAX,-44,,,7
2025-12-04,TMAX,-22,,,7
2025-12-05,TMAX,-22,,,7
2025-12-06,TMAX,6,,,7
2025-12-07,TMAX,-11,,,7
2025-12-08,TMAX,-28,,,7
2025-12-09,TMAX,0,,,7
2025-12-10,TMAX,22,,,7
2025-12-11,TMAX,-17,,,7
2025-12-12,TMAX,-6,,,7
2025-12-13,TMAX,-22,,,7
2025-12-14,TMAX,-78,,,7
2025-12-15,TMAX,-83,,,7
2025-12-16,TMAX,0,,,7
2025-12-17,TMAX,61,,,7
2025-12-18,TMAX,106,,,7
2025-12-19,TMAX,111,,,7
2025-12-20,TMAX,39,,,7
2025-12-21,TMAX,39,,,7
2025-12-22,TMAX,11,,,7
2025-12-23,TMAX,111,,,7
2025-12-24,TMAX,83,,,7
2025-12-25,TMAX,50,,,7
2025-12-26,TMAX,11,,,7
2025-12-27,TMAX,6,,,7
2025-12-28,TMAX,56,,,7
2025-12-29,TMAX,156,,,7
2025-12-30,TMAX,-39,,,7
2025-12-31,TMAX,-22,,,7
2025-12-01,TMIN,-139,,,7
2025-12-02,TMIN,-94,,,7
2025-12-03,TMIN,-94,,,7
2025-12-04,TMIN,-111,,,7
2025-12-05,TMIN,-211,,,7
2025-12-06,TMIN,-56,,,7
2025-12-07,TMIN,-44,,,7
2025-12-08,TMIN,-161,,,7
2025-12-09,TMIN,-178,,,7
2025-12-10,TMIN,-17,,,7
2025-12-11,TMIN,-61,,,7
2025-12-12,TMIN,-78,,,7
2025-12-13,TMIN,-89,,,7
2025-12-14,TMIN,-161,,,7
2025-12-15,TMIN,-100,,,7
2025-12-16,TMIN,-106,,,7
2025-12-17,TMIN,-28,,,7
2025-12-18,TMIN,-50,,,7
2025-12-19,TMIN,-72,,,7
2025-12-20,TMIN,-72,,,7
2025-12-21,TMIN,-83,,,7
2025-12-22,TMIN,-106,,,7
2025-12-23,TMIN,0,,,7
2025-12-24,TMIN,-44,,,7
2025-12-25,TMIN,-17,,,7
2025-12-26,TMIN,-28,,,7
2025-12-27,TMIN,-11,,,7
2025-12-28,TMIN,-17,,,7
2025-12-29,TMIN,-61,,,7
2025-12-30,TMIN,-72,,,7
2025-12-31,TMIN,-111,,,7
2025-12-01,SNOW,3,,,7
2025-12-02,SNOW,20,,,7
2025-12-03,SNOW,8,,,7
2025-12-04,SNOW,10,,,7
2025-12-05,SNOW,0,,,7
2025-12-06,SNOW,0,,,7
2025-12-07,SNOW,48,,,7
2025-12-08,SNOW,0,T,,7
2025-12-09,SNOW,28,,,7
2025-12-10,SNOW,74,,,7
2025-12-11,SNOW,5,,,7
2025-12-12,SNOW,0,T,,7
2025-12-13,SNOW,3,,,7
2025-12-14,SNOW,3,,,7
2025-12-15,SNOW,8,,,7
2025-12-16,SNOW,0,,,7
2025-12-17,SNOW,0,T,,7
2025-12-18,SNOW,0,,,7
2025-12-19,SNOW,15,,,7
2025-12-20,SNOW,0,T,,7
2025-12-21,SNOW,0,,,7
2025-12-22,SNOW,0,T,,7
2025-12-23,SNOW,0,,,7
2025-12-24,SNOW,0,,,7
2025-12-25,SNOW,0,,,7
2025-12-26,SNOW,0,,,7
2025-12-27,SNOW,0,T,,7
2025-12-28,SNOW,0,,,7
2025-12-29,SNOW,71,,,7
2025-12-30,SNOW,28,,,7
2025-12-31,SNOW,41,,,7
2025-12-01,SNWD,127,,,7
2025-12-02,SNWD,127,,,7
2025-12-03,SNWD,102,,,7
2025-12-04,SNWD,127,,,7
2025-12-05,SNWD,102,,,7
2025-12-06,SNWD,102,,,7
2025-12-07,SNWD,152,,,7
2025-12-08,SNWD,152,,,7
2025-12-09,SNWD,152,,,7
2025-12-10,SNWD,152,,,7
2025-12-11,SNWD,152,,,7
2025-12-12,SNWD,152,,,7
2025-12-13,SNWD,152,,,7
2025-12-14,SNWD,152,,,7
2025-12-15,SNWD,152,,,7
2025-12-16,SNWD,152,,,7
2025-12-17,SNWD,102,,,7
2025-12-18,SNWD,51,,,7
2025-12-19,SNWD,0,T,,7
2025-12-20,SNWD,0,T,,7
2025-12-21,SNWD,0,T,,7
2025-12-22,SNWD,0,T,,7
2025-12-23,SNWD,0,,,7
2025-12-24,SNWD,0,,,7
2025-12-25,SNWD,0,,,7
2025-12-26,SNWD,0,T,,7
2025-12-27,SNWD,0,,,7
2025-12-28,SNWD,0,,,7
2025-12-29,SNWD,51,,,7
2025-12-30,SNWD,51,,,7
2025-12-31,SNWD,76,,,7
2026-01-01,TMAX,-39,,,7
2026-01-02,TMAX,-50,,,7
2026-01-03,TMAX,-44,,,7
2026-01-04,TMAX,-22,,,7
2026-01-05,TMAX,33,,,7
2026-01-06,TMAX,22,,,7
2026-01-07,TMAX,44,,,7
2026-01-08,TMAX,111,,,7
2026-01-09,TMAX,156,,,7
2026-01-10,TMAX,44,,,7
2026-01-11,TMAX,6,,,7
2026-01-12,TMAX,28,,,7
2026-01-13,TMAX,67,,,7
2026-01-14,TMAX,50,,,7
2026-01-15,TMAX,-67,,,7
2026-01-16,TMAX,-28,,,7
2026-01-17,TMAX,0,,,7
2026-01-18,TMAX,-61,,,7
2026-01-19,TMAX,-83,,,7
2026-01-20,TMAX,-83,,,7
2026-01-21,TMAX,-6,,,7
2026-01-22,TMAX,-11,,,7
2026-01-23,TMAX,-78,,,7
2026-01-24,TMAX,-139,,,7
2026-01-25,TMAX,-100,,,7
2026-01-26,TMAX,-72,,,7
2026-01-27,TMAX,-78,,,7
2026-01-28,TMAX,-83,,,7
2026-01-29,TMAX,-94,,,7
2026-01-30,TMAX,-83,,,7
2026-01-31,TMAX,-83,,,7
2026-01-01,TMIN,-139,,,7
2026-01-02,TMIN,-78,,,7
2026-01-03,TMIN,-139,,,7
2026-01-04,TMIN,-50,,,7
2026-01-05,TMIN,-39,,,7
2026-01-06,TMIN,-33,,,7
2026-01-07,TMIN,11,,,7
2026-01-08,TMIN,-11,,,7
2026-01-09,TMIN,44,,,7
2026-01-10,TMIN,-28,,,7
2026-01-11,TMIN,-44,,,7
2026-01-12,TMIN,-44,,,7
2026-01-13,TMIN,-39,,,7
2026-01-14,TMIN,-78,,,7
2026-01-15,TMIN,-128,,,7
2026-01-16,TMIN,-150,,,7
2026-01-17,TMIN,-83,,,7
2026-01-18,TMIN,-122,,,7
2026-01-19,TMIN,-117,,,7
2026-01-20,TMIN,-189,,,7
2026-01-21,TMIN,-183,,,7
2026-01-22,TMIN,-78,,,7
2026-01-23,TMIN,-183,,,7
2026-01-24,TMIN,-278,,,7
2026-01-25,TMIN,-156,,,7
2026-01-26,TMIN,-122,,,7
2026-01-27,TMIN,-183,,,7
2026-01-28,TMIN,-217,,,7
2026-01-29,TMIN,-189,,,7
2026-01-30,TMIN,-206,,,7
2026-01-31,TMIN,-172,,,7
2026-01-01,SNOW,51,,,7
2026-01-02,SNOW,53,,,7
2026-01-03,SNOW,3,,,7
2026-01-04,SNOW,8,,,7
2026-01-05,SNOW,0,,,7
2026-01-06,SNOW,0,,,7
2026-01-07,SNOW,0,,,7
2026-01-08,SNOW,0,,,7
2026-01-09,SNOW,0,,,7
2026-01-10,SNOW,23,,,7
2026-01-11,SNOW,5,,,7
2026-01-12,SNOW,0,,,7
2026-01-13,SNOW,0,,,7
2026-01-14,SNOW,89,,,7
2026-01-15,SNOW,79,,,7
2026-01-16,SNOW,15,,,7
2026-01-17,SNOW,10,,,7
2026-01-18,SNOW,13,,,7
2026-01-19,SNOW,33,,,7
2026-01-20,SNOW,3,,,7
2026-01-21,SNOW,74,,,7
2026-01-22,SNOW,18,,,7
2026-01-23,SNOW,8,,,7
2026-01-24,SNOW,0,,,7
2026-01-25,SNOW,79,,,7
2026-01-26,SNOW,15,,,7
2026-01-27,SNOW,25,,,7
2026-01-28,SNOW,5,,,7
2026-01-29,SNOW,5,,,7
2026-01-30,SNOW,0,,,7
2026-01-31,SNOW,0,T,,7
2026-01-01,SNWD,102,,,7
2026-01-02,SNWD,127,,,7
2026-01-03,SNWD,102,,,7
2026-01-04,SNWD,102,,,7
2026-01-05,SNWD,76,,,7
2026-01-06,SNWD,51,,,7
2026-01-07,SNWD,0,,,7
2026-01-08,SNWD,0,,,7
2026-01-09,SNWD,0,,,7
2026-01-10,SNWD,25,,,7
2026-01-11,SNWD,25,,,7
2026-01-12,SNWD,0,T,,7
2026-01-13,SNWD,0,T,,7
2026-01-14,SNWD,76,,,7
2026-01-15,SNWD,152,,,7
2026-01-16,SNWD,127,,,7
2026-01-17,SNWD,102,,,7
2026-01-18,SNWD,102,,,7
2026-01-19,SNWD,102,,,7
2026-01-20,SNWD,102,,,7
2026-01-21,SNWD,152,,,7
2026-01-22,SNWD,152,,,7
2026-01-23,SNWD,152,,,7
2026-01-24,SNWD,127,,,7
2026-01-25,SNWD,203,,,7
2026-01-26,SNWD,203,,,7
2026-01-27,SNWD,203,,,7
2026-01-28,SNWD,203,,,7
2026-01-29,SNWD,203,,,7
2026-01-30,SNWD,178,,,7
2026-01-31,SNWD,178,,,7
2026-02-01,TMAX,-17,,,7
2026-02-02,TMAX,-50,,,7
2026-02-03,TMAX,-28,,,7
2026-02-04,TMAX,-56,,,7
2026-02-05,TMAX,-50,,,7
2026-02-06,TMAX,0,,,7
2026-02-07,TMAX,-33,,,7
2026-02-08,TMAX,-50,,,7
2026-02-09,TMAX,-22,,,7
2026-02-10,TMAX,83,,,7
2026-02-11,TMAX,39,,,7
2026-02-12,TMAX,0,,,7
2026-02-13,TMAX,44,,,7
2026-02-14,TMAX,117,,,7
2026-02-15,TMAX,106,,,7
2026-02-16,TMAX,106,,,7
2026-02-17,TMAX,133,,,7
2026-02-18,TMAX,178,,,7
2026-02-19,TMAX,150,,,7
2026-02-20,TMAX,50,,,7
2026-02-21,TMAX,6,,,7
2026-02-22,TMAX,-6,,,7
2026-02-23,TMAX,-17,,,7
2026-02-24,TMAX,6,,,7
2026-02-25,TMAX,17,,,7
2026-02-26,TMAX,11,,,7
2026-02-27,TMAX,133,,,7
2026-02-28,TMAX,111,,,7
2026-02-01,TMIN,-211,,,7
2026-02-02,TMIN,-200,,,7
2026-02-03,TMIN,-56,,,7
2026-02-04,TMIN,-150,,,7
2026-02-05,TMIN,-200,,,7
2026-02-06,TMIN,-78,,,7
2026-02-07,TMIN,-128,,,7
2026-02-08,TMIN,-194,,,7
2026-02-09,TMIN,-194,,,7
2026-02-10,TMIN,-83,,,7
2026-02-11,TMIN,-17,,,7
2026-02-12,TMIN,-67,,,7
2026-02-13,TMIN,-150,,,7
2026-02-14,TMIN,-67,,,7
2026-02-15,TMIN,-61,,,7
2026-02-16,TMIN,-56,,,7
2026-02-17,TMIN,0,,,7
2026-02-18,TMIN,22,,,7
2026-02-19,TMIN,0,,,7
2026-02-20,TMIN,0,,,7
2026-02-21,TMIN,-6,,,7
2026-02-22,TMIN,-33,,,7
2026-02-23,TMIN,-61,,,7
2026-02-24,TMIN,-106,,,7
2026-02-25,TMIN,-39,,,7
2026-02-26,TMIN,-133,,,7
2026-02-27,TMIN,-72,,,7
2026-02-28,TMIN,11,,,7
2026-02-01,SNOW,0,T,,7
2026-02-02,SNOW,20,,,7
2026-02-03,SNOW,25,,,7
2026-02-04,SNOW,0,T,,7
2026-02-05,SNOW,8,,,7
2026-02-06,SNOW,43,,,7
2026-02-07,SNOW,0,,,7
2026-02-08,SNOW,0,,,7
2026-02-09,SNOW,0,,,7
2026-02-10,SNOW,0,,,7
2026-02-11,SNOW,0,,,7
2026-02-12,SNOW,0,,,7
2026-02-13,SNOW,0,,,7
2026-02-14,SNOW,0,,,7
2026-02-15,SNOW,0,,,7
2026-02-16,SNOW,0,,,7
2026-02-17,SNOW,0,,,7
2026-02-18,SNOW,0,,,7
2026-02-19,SNOW,0,T,,7
2026-02-20,SNOW,0,T,,7
2026-02-21,SNOW,0,T,,7
2026-02-22,SNOW,58,,,7
2026-02-23,SNOW,10,,,7
2026-02-24,SNOW,0,,,7
2026-02-25,SNOW,25,,,7
2026-02-26,SNOW,0,,,7
2026-02-27,SNOW,0,,,7
2026-02-28,SNOW,0,T,,7
2026-02-01,SNWD,178,,,7
2026-02-02,SNWD,178,,,7
2026-02-03,SNWD,203,,,7
2026-02-04,SNWD,178,,,7
2026-02-05,SNWD,178,,,7
2026-02-06,SNWD,229,,,7
2026-02-07,SNWD,203,,,7
2026-02-08,SNWD,178,,,7
2026-02-09,SNWD,178,,,7
2026-02-10,SNWD,152,,,7
2026-02-11,SNWD,127,,,7
2026-02-12,SNWD,127,,,7
2026-02-13,SNWD,127,,,7
2026-02-14,SNWD,76,,,7
2026-02-15,SNWD,51,,,7
2026-02-16,SNWD,25,,,7
2026-02-17,SNWD,0,T,,7
2026-02-18,SNWD,0,,,7
2026-02-19,SNWD,0,,,7
2026-02-20,SNWD,0,,,7
2026-02-21,SNWD,0,,,7
2026-02-22,SNWD,51,,,7
2026-02-23,SNWD,25,,,7
2026-02-24,SNWD,0,T,,7
2026-02-25,SNWD,0,T,,7
2026-02-26,SNWD,0,T,,7
2026-02-27,SNWD,0,,,7
2026-02-28,SNWD,0,,,7
2026-03-01,TMAX,11,,,7
2026-03-02,TMAX,22,,,7
2026-03-03,TMAX,33,,,7
2026-03-04,TMAX,94,,,7
2026-03-05,TMAX,67,,,7
2026-03-06,TMAX,83,,,7
2026-03-07,TMAX,183,,,7
2026-03-08,TMAX,167,,,7
2026-03-09,TMAX,217,,,7
2026-03-10,TMAX,244,,,7
2026-03-11,TMAX,211,,,7
2026-03-12,TMAX,56,,,7
2026-03-13,TMAX,100,,,7
2026-03-14,TMAX,44,,,7
2026-03-15,TMAX,206,,,7
2026-03-16,TMAX,211,,,7
2026-03-17,TMAX,-17,,,7
2026-03-18,TMAX,-6,,,7
2026-03-19,TMAX,128,,,7
2026-03-20,TMAX,228,,,7
2026-03-21,TMAX,183,,,7
2026-03-22,TMAX,144,,,7
2026-03-23,TMAX,39,,,7
2026-03-24,TMAX,67,,,7
2026-03-25,TMAX,172,,,7
2026-03-26,TMAX,206,,,7
2026-03-27,TMAX,89,,,7
2026-03-28,TMAX,61,,,7
2026-03-29,TMAX,128,,,7
2026-03-30,TMAX,228,,,7
2026-03-31,TMAX,239,,,7
2026-03-01,TMIN,-94,,,7
2026-03-02,TMIN,-122,,,7
2026-03-03,TMIN,-83,,,7
2026-03-04,TMIN,-56,,,7
2026-03-05,TMIN,17,,,7
2026-03-06,TMIN,17,,,7
2026-03-07,TMIN,78,,,7
2026-03-08,TMIN,33,,,7
2026-03-09,TMIN,44,,,7
2026-03-10,TMIN,117,,,7
2026-03-11,TMIN,50,,,7
2026-03-12,TMIN,-44,,,7
2026-03-13,TMIN,-44,,,7
2026-03-14,TMIN,-39,,,7
2026-03-15,TMIN,0,,,7
2026-03-16,TMIN,-22,,,7
2026-03-17,TMIN,-89,,,7
2026-03-18,TMIN,-117,,,7
2026-03-19,TMIN,-28,,,7
2026-03-20,TMIN,-6,,,7
2026-03-21,TMIN,11,,,7
2026-03-22,TMIN,6,,,7
2026-03-23,TMIN,-11,,,7
2026-03-24,TMIN,-94,,,7
2026-03-25,TMIN,-28,,,7
2026-03-26,TMIN,56,,,7
2026-03-27,TMIN,-28,,,7
2026-03-28,TMIN,-61,,,7
2026-03-29,TMIN,-33,,,7
2026-03-30,TMIN,28,,,7
2026-03-31,TMIN,167,,,7
2026-03-01,SNOW,28,,,7
2026-03-02,SNOW,0,,,7
2026-03-03,SNOW,0,,,7
2026-03-04,SNOW,0,,,7
2026-03-05,SNOW,0,,,7
2026-03-06,SNOW,0,,,7
2026-03-07,SNOW,0,,,7
2026-03-08,SNOW,0,,,7
2026-03-09,SNOW,0,,,7
2026-03-10,SNOW,0,,,7
2026-03-11,SNOW,0,,,7
2026-03-12,SNOW,0,T,,7
2026-03-13,SNOW,8,,,7
2026-03-14,SNOW,0,T,,7
2026-03-15,SNOW,0,T,,7
2026-03-16,SNOW,5,,,7
2026-03-17,SNOW,8,,,7
2026-03-18,SNOW,0,T,,7
2026-03-19,SNOW,0,,,7
2026-03-20,SNOW,0,,,7
2026-03-21,SNOW,0,,,7
2026-03-22,SNOW,0,,,7
2026-03-23,SNOW,3,,,7
2026-03-24,SNOW,0,,,7
2026-03-25,SNOW,0,,,7
2026-03-26,SNOW,0,,,7
2026-03-27,SNOW,0,,,7
2026-03-28,SNOW,0,,,7
2026-03-29,SNOW,0,,,7
2026-03-30,SNOW,0,,,7
2026-03-31,SNOW,0,,,7
2026-03-01,SNWD,0,T,,7
2026-03-02,SNWD,0,T,,7
2026-03-03,SNWD,0,,,7
2026-03-04,SNWD,0,,,7
2026-03-05,SNWD,0,,,7
2026-03-06,SNWD,0,,,7
2026-03-07,SNWD,0,,,7
2026-03-08,SNWD,0,,,7
2026-03-09,SNWD,0,,,7
2026-03-10,SNWD,0,,,7
2026-03-11,SNWD,0,,,7
2026-03-12,SNWD,0,,,7
2026-03-13,SNWD,0,,,7
2026-03-14,SNWD,0,,,7
2026-03-15,SNWD,0,,,7
2026-03-16,SNWD,0,T,,7
2026-03-17,SNWD,0,,,7
2026-03-18,SNWD,0,,,7
2026-03-19,SNWD,0,,,7
2026-03-20,SNWD,0,,,7
2026-03-21,SNWD,0,,,7
2026-03-22,SNWD,0,,,7
2026-03-23,SNWD,0,,,7
2026-03-24,SNWD,0,,,7
2026-03-25,SNWD,0,,,7
2026-03-26,SNWD,0,,,7
2026-03-27,SNWD,0,,,7
2026-03-28,SNWD,0,,,7
2026-03-29,SNWD,0,,,7
2026-03-30,SNWD,0,,,7
2026-03-31,SNWD,0,,,7
