scene_id,date,event,cloud_tile_pct,local_clear_fraction,usable_roofs,reason,seconds
S2A_17TKG_20251211_0_L2A,2025-12-11,2025-12-10,99.995297,0.0,0,no roof has 80% clear SCL,0.01
S2C_17TKG_20251212_0_L2A,2025-12-12,2025-12-10,57.421291,0.2796933420032048,6,processed,0.03
S2B_17TKG_20251214_0_L2A,2025-12-14,2025-12-10,60.009009,0.01738522096560693,0,no roof has 80% clear SCL,0.01
S2A_17TKG_20251214_1_L2A,2025-12-14,2025-12-10,63.574535,0.0006386289217621513,0,no roof has 80% clear SCL,0.01
S2B_17TKG_20251217_0_L2A,2025-12-17,2025-12-10,77.759737,0.9581785142007849,51,processed,0.04
S2C_17TKG_20251219_0_L2A,2025-12-19,2025-12-10,99.99994,0.0,0,no roof has 80% clear SCL,0.01
S2B_17TKG_20260103_0_L2A,2026-01-03,2026-01-02,99.999285,0.0,0,no roof has 80% clear SCL,0.01
S2A_17TKG_20260103_1_L2A,2026-01-03,2026-01-02,99.996001,0.0,0,no roof has 80% clear SCL,0.01
S2B_17TKG_20260106_0_L2A,2026-01-06,2026-01-02,99.999171,0.0,0,no roof has 80% clear SCL,0.01
S2C_17TKG_20260108_0_L2A,2026-01-08,2026-01-02,80.512816,0.017835164069575717,0,processed,0.02
S2C_17TKG_20260111_0_L2A,2026-01-11,2026-01-10,99.881619,0.0,0,no roof has 80% clear SCL,0.01
S2B_17TKG_20260113_0_L2A,2026-01-13,2026-01-10,99.999958,0.0,0,no roof has 80% clear SCL,0.01
S2B_17TKG_20260116_0_L2A,2026-01-16,2026-01-15,99.999255,0.0,0,no roof has 80% clear SCL,0.02
S2C_17TKG_20260118_0_L2A,2026-01-18,2026-01-15,80.604291,0.0,0,no roof has 80% clear SCL,0.01
S2B_17TKG_20260123_0_L2A,2026-01-23,2026-01-21,84.947085,0.0043368709505120645,0,processed,0.03
S2B_17TKG_20260126_0_L2A,2026-01-26,2026-01-25,68.710047,0.5754046585076984,30,processed,0.03
S2C_17TKG_20260128_0_L2A,2026-01-28,2026-01-27,37.329969,0.42036007059752445,26,processed,0.03
S2C_17TKG_20260131_0_L2A,2026-01-31,2026-01-27,97.572976,0.008273147395555142,1,processed,0.02
S2B_17TKG_20260202_0_L2A,2026-02-02,2026-01-27,99.996626,0.0,0,no roof has 80% clear SCL,0.01
S2B_17TKG_20260205_0_L2A,2026-02-05,2026-02-03,100.0,0.0,0,no roof has 80% clear SCL,0.01
S2C_17TKG_20260207_0_L2A,2026-02-07,2026-02-06,58.909321,0.3938192331808365,18,processed,0.03
S2C_17TKG_20260210_0_L2A,2026-02-10,2026-02-06,78.086174,0.3673161329277072,27,processed,0.03
S2B_17TKG_20260212_0_L2A,2026-02-12,2026-02-06,84.046721,0.0024558184900490003,0,no roof has 80% clear SCL,0.01
S2B_17TKG_20260215_0_L2A,2026-02-15,2026-02-06,0.866247,0.9975209586400687,46,processed,0.04
S2B_17TKG_20260225_0_L2A,2026-02-25,2026-02-22,81.178796,0.0,0,no roof has 80% clear SCL,0.01
S2C_17TKG_20260227_0_L2A,2026-02-27,2026-02-22,0.603022,0.9944119969345812,48,processed,0.03
S2C_17TKG_20260302_0_L2A,2026-03-02,2026-02-22,0.561178,0.9902522003669213,49,processed,0.03
S2B_17TKG_20260304_0_L2A,2026-03-04,2026-02-22,98.597431,0.0,0,no roof has 80% clear SCL,0.01
