footprint_id,scene_id,date,event,day_after_event,roof_snow_fraction,ground_snow_fraction,ground_minus_roof,clear_roof_pixels_10m,clear_native_pixels_20m,clear_ground_pixels_10m
4695,S2C_17TKG_20251212_0_L2A,2025-12-12,2025-12-10,2,1.0,0.26586102719033233,-0.7341389728096677,27,6,331
21678,S2C_17TKG_20251212_0_L2A,2025-12-12,2025-12-10,2,0.05555555555555555,0.2619047619047619,0.20634920634920637,18,7,336
26398,S2C_17TKG_20251212_0_L2A,2025-12-12,2025-12-10,2,1.0,0.5549242424242424,-0.44507575757575757,56,18,528
26399,S2C_17TKG_20251212_0_L2A,2025-12-12,2025-12-10,2,1.0,0.832258064516129,-0.16774193548387095,16,5,310
26402,S2C_17TKG_20251212_0_L2A,2025-12-12,2025-12-10,2,1.0,0.21597633136094674,-0.7840236686390533,17,4,338
34992,S2C_17TKG_20251212_0_L2A,2025-12-12,2025-12-10,2,1.0,0.7098976109215017,-0.2901023890784983,52,14,293
6,S2B_17TKG_20251217_0_L2A,2025-12-17,2025-12-10,7,1.0,0.9606299212598425,-0.03937007874015752,43,10,762
7,S2B_17TKG_20251217_0_L2A,2025-12-17,2025-12-10,7,1.0,0.44,-0.56,11,4,150
4694,S2B_17TKG_20251217_0_L2A,2025-12-17,2025-12-10,7,1.0,0.6432160804020101,-0.35678391959798994,13,4,398
4695,S2B_17TKG_20251217_0_L2A,2025-12-17,2025-12-10,7,1.0,0.3595166163141994,-0.6404833836858006,27,6,331
4698,S2B_17TKG_20251217_0_L2A,2025-12-17,2025-12-10,7,1.0,0.7103658536585366,-0.28963414634146345,12,3,328
4703,S2B_17TKG_20251217_0_L2A,2025-12-17,2025-12-10,7,1.0,0.4554794520547945,-0.5445205479452055,7,3,292
8840,S2B_17TKG_20251217_0_L2A,2025-12-17,2025-12-10,7,1.0,0.4186046511627907,-0.5813953488372092,39,8,387
8841,S2B_17TKG_20251217_0_L2A,2025-12-17,2025-12-10,7,1.0,0.8731182795698925,-0.12688172043010748,13,4,465
13148,S2B_17TKG_20251217_0_L2A,2025-12-17,2025-12-10,7,1.0,0.22840690978886757,-0.7715930902111324,19,3,521
13149,S2B_17TKG_20251217_0_L2A,2025-12-17,2025-12-10,7,1.0,0.5426621160409556,-0.4573378839590444,28,7,293
13152,S2B_17TKG_20251217_0_L2A,2025-12-17,2025-12-10,7,1.0,0.5982532751091703,-0.40174672489082974,15,4,229
17787,S2B_17TKG_20251217_0_L2A,2025-12-17,2025-12-10,7,1.0,0.623574144486692,-0.376425855513308,10,5,263
21674,S2B_17TKG_20251217_0_L2A,2025-12-17,2025-12-10,7,1.0,0.6952789699570815,-0.3047210300429185,22,5,466
21675,S2B_17TKG_20251217_0_L2A,2025-12-17,2025-12-10,7,1.0,0.25691699604743085,-0.7430830039525691,39,10,253
21677,S2B_17TKG_20251217_0_L2A,2025-12-17,2025-12-10,7,0.95,0.7138964577656676,-0.2361035422343324,20,5,367
21678,S2B_17TKG_20251217_0_L2A,2025-12-17,2025-12-10,7,0.1111111111111111,0.36607142857142855,0.25496031746031744,18,7,336
21679,S2B_17TKG_20251217_0_L2A,2025-12-17,2025-12-10,7,1.0,0.207492795389049,-0.792507204610951,13,4,347
21680,S2B_17TKG_20251217_0_L2A,2025-12-17,2025-12-10,7,1.0,0.4664179104477612,-0.5335820895522387,15,4,268
26396,S2B_17TKG_20251217_0_L2A,2025-12-17,2025-12-10,7,1.0,0.4920071047957371,-0.5079928952042629,63,16,563
26397,S2B_17TKG_20251217_0_L2A,2025-12-17,2025-12-10,7,0.84,0.5436447166921899,-0.29635528330781,25,7,653
26398,S2B_17TKG_20251217_0_L2A,2025-12-17,2025-12-10,7,1.0,0.6387832699619772,-0.3612167300380228,56,18,526
26399,S2B_17TKG_20251217_0_L2A,2025-12-17,2025-12-10,7,1.0,0.8851485148514852,-0.11485148514851484,18,6,505
26400,S2B_17TKG_20251217_0_L2A,2025-12-17,2025-12-10,7,1.0,0.8150470219435737,-0.1849529780564263,55,13,319
26401,S2B_17TKG_20251217_0_L2A,2025-12-17,2025-12-10,7,1.0,0.8670886075949367,-0.13291139240506333,40,12,316
26402,S2B_17TKG_20251217_0_L2A,2025-12-17,2025-12-10,7,1.0,0.35798816568047337,-0.6420118343195267,17,4,338
30405,S2B_17TKG_20251217_0_L2A,2025-12-17,2025-12-10,7,1.0,0.3649193548387097,-0.6350806451612903,297,73,496
30406,S2B_17TKG_20251217_0_L2A,2025-12-17,2025-12-10,7,1.0,0.46296296296296297,-0.537037037037037,23,7,594
30409,S2B_17TKG_20251217_0_L2A,2025-12-17,2025-12-10,7,0.16666666666666666,0.23225806451612904,0.06559139784946239,12,5,155
34730,S2B_17TKG_20251217_0_L2A,2025-12-17,2025-12-10,7,0.5714285714285714,0.47737556561085975,-0.09405300581771164,63,13,442
34735,S2B_17TKG_20251217_0_L2A,2025-12-17,2025-12-10,7,0.0,0.9248826291079812,0.9248826291079812,14,4,213
34737,S2B_17TKG_20251217_0_L2A,2025-12-17,2025-12-10,7,1.0,0.8917525773195877,-0.10824742268041232,32,7,194
34829,S2B_17TKG_20251217_0_L2A,2025-12-17,2025-12-10,7,1.0,0.6973684210526315,-0.3026315789473685,6,3,76
34858,S2B_17TKG_20251217_0_L2A,2025-12-17,2025-12-10,7,0.4,0.8266666666666667,0.42666666666666664,5,3,150
34859,S2B_17TKG_20251217_0_L2A,2025-12-17,2025-12-10,7,1.0,0.5958904109589042,-0.40410958904109584,10,4,146
34874,S2B_17TKG_20251217_0_L2A,2025-12-17,2025-12-10,7,1.0,0.528169014084507,-0.471830985915493,12,3,142
34880,S2B_17TKG_20251217_0_L2A,2025-12-17,2025-12-10,7,1.0,0.24279835390946503,-0.757201646090535,18,4,243
34909,S2B_17TKG_20251217_0_L2A,2025-12-17,2025-12-10,7,1.0,0.2974683544303797,-0.7025316455696202,35,7,474
34947,S2B_17TKG_20251217_0_L2A,2025-12-17,2025-12-10,7,0.0,0.26541554959785524,0.26541554959785524,16,3,373
34954,S2B_17TKG_20251217_0_L2A,2025-12-17,2025-12-10,7,1.0,0.559322033898305,-0.44067796610169496,9,3,295
34963,S2B_17TKG_20251217_0_L2A,2025-12-17,2025-12-10,7,1.0,0.8954545454545455,-0.1045454545454545,25,6,220
34992,S2B_17TKG_20251217_0_L2A,2025-12-17,2025-12-10,7,1.0,0.8600682593856656,-0.13993174061433444,52,14,293
35003,S2B_17TKG_20251217_0_L2A,2025-12-17,2025-12-10,7,1.0,0.5577395577395577,-0.44226044226044225,37,12,407
35083,S2B_17TKG_20251217_0_L2A,2025-12-17,2025-12-10,7,0.08333333333333333,0.5390428211586902,0.45570948782535686,48,10,397
35129,S2B_17TKG_20251217_0_L2A,2025-12-17,2025-12-10,7,1.0,0.26697892271662765,-0.7330210772833723,26,4,427
35131,S2B_17TKG_20251217_0_L2A,2025-12-17,2025-12-10,7,1.0,0.6217616580310881,-0.37823834196891193,9,3,193
35152,S2B_17TKG_20251217_0_L2A,2025-12-17,2025-12-10,7,1.0,0.8849557522123894,-0.11504424778761058,6,3,113
49014,S2B_17TKG_20251217_0_L2A,2025-12-17,2025-12-10,7,1.0,0.5736677115987461,-0.4263322884012539,33,8,319
50723,S2B_17TKG_20251217_0_L2A,2025-12-17,2025-12-10,7,1.0,0.09180327868852459,-0.9081967213114754,19,4,305
50724,S2B_17TKG_20251217_0_L2A,2025-12-17,2025-12-10,7,1.0,0.375,-0.625,31,8,216
50726,S2B_17TKG_20251217_0_L2A,2025-12-17,2025-12-10,7,1.0,0.024291497975708502,-0.9757085020242915,9,3,247
51294,S2B_17TKG_20251217_0_L2A,2025-12-17,2025-12-10,7,1.0,0.75,-0.25,27,5,408
7,S2B_17TKG_20260126_0_L2A,2026-01-26,2026-01-25,1,1.0,1.0,0.0,11,4,146
4698,S2B_17TKG_20260126_0_L2A,2026-01-26,2026-01-25,1,1.0,0.9355828220858896,-0.06441717791411039,12,3,326
4703,S2B_17TKG_20260126_0_L2A,2026-01-26,2026-01-25,1,1.0,0.9897260273972602,-0.010273972602739767,7,3,292
8840,S2B_17TKG_20260126_0_L2A,2026-01-26,2026-01-25,1,1.0,1.0,0.0,39,8,419
13148,S2B_17TKG_20260126_0_L2A,2026-01-26,2026-01-25,1,1.0,0.9961612284069098,-0.0038387715930902067,19,3,521
13152,S2B_17TKG_20260126_0_L2A,2026-01-26,2026-01-25,1,1.0,0.9781659388646288,-0.02183406113537123,15,4,229
17787,S2B_17TKG_20260126_0_L2A,2026-01-26,2026-01-25,1,1.0,0.9772727272727273,-0.022727272727272707,10,5,264
21675,S2B_17TKG_20260126_0_L2A,2026-01-26,2026-01-25,1,1.0,0.8326693227091634,-0.16733067729083662,39,10,251
21678,S2B_17TKG_20260126_0_L2A,2026-01-26,2026-01-25,1,1.0,0.9077380952380952,-0.09226190476190477,18,7,336
21679,S2B_17TKG_20260126_0_L2A,2026-01-26,2026-01-25,1,1.0,1.0,0.0,13,4,354
26397,S2B_17TKG_20260126_0_L2A,2026-01-26,2026-01-25,1,1.0,0.8039816232771823,-0.19601837672281774,25,7,653
26399,S2B_17TKG_20260126_0_L2A,2026-01-26,2026-01-25,1,1.0,0.9955654101995566,-0.0044345898004434225,18,6,451
26402,S2B_17TKG_20260126_0_L2A,2026-01-26,2026-01-25,1,1.0,0.9940828402366864,-0.00591715976331364,17,4,338
30409,S2B_17TKG_20260126_0_L2A,2026-01-26,2026-01-25,1,0.8333333333333334,0.896774193548387,0.06344086021505368,12,5,155
34735,S2B_17TKG_20260126_0_L2A,2026-01-26,2026-01-25,1,1.0,1.0,0.0,14,4,202
34737,S2B_17TKG_20260126_0_L2A,2026-01-26,2026-01-25,1,1.0,1.0,0.0,32,7,186
34829,S2B_17TKG_20260126_0_L2A,2026-01-26,2026-01-25,1,1.0,1.0,0.0,6,3,76
34858,S2B_17TKG_20260126_0_L2A,2026-01-26,2026-01-25,1,1.0,0.9788359788359788,-0.021164021164021163,5,3,189
34859,S2B_17TKG_20260126_0_L2A,2026-01-26,2026-01-25,1,1.0,0.9586206896551724,-0.04137931034482756,10,4,145
34874,S2B_17TKG_20260126_0_L2A,2026-01-26,2026-01-25,1,1.0,0.9586206896551724,-0.04137931034482756,12,3,145
34880,S2B_17TKG_20260126_0_L2A,2026-01-26,2026-01-25,1,1.0,0.8765432098765432,-0.12345679012345678,18,4,243
34947,S2B_17TKG_20260126_0_L2A,2026-01-26,2026-01-25,1,1.0,0.8016085790884718,-0.19839142091152817,16,3,373
34954,S2B_17TKG_20260126_0_L2A,2026-01-26,2026-01-25,1,1.0,0.9796610169491525,-0.02033898305084747,9,3,295
34963,S2B_17TKG_20260126_0_L2A,2026-01-26,2026-01-25,1,1.0,0.9818181818181818,-0.018181818181818188,23,5,220
34992,S2B_17TKG_20260126_0_L2A,2026-01-26,2026-01-25,1,1.0,0.9288389513108615,-0.07116104868913853,52,14,267
35003,S2B_17TKG_20260126_0_L2A,2026-01-26,2026-01-25,1,1.0,0.7994987468671679,-0.20050125313283207,33,10,399
35083,S2B_17TKG_20260126_0_L2A,2026-01-26,2026-01-25,1,1.0,0.9246231155778895,-0.07537688442211055,47,10,398
35129,S2B_17TKG_20260126_0_L2A,2026-01-26,2026-01-25,1,1.0,0.7947494033412887,-0.20525059665871126,26,4,419
35131,S2B_17TKG_20260126_0_L2A,2026-01-26,2026-01-25,1,1.0,1.0,0.0,9,3,192
35152,S2B_17TKG_20260126_0_L2A,2026-01-26,2026-01-25,1,1.0,0.9734513274336283,-0.026548672566371723,6,3,113
7,S2C_17TKG_20260128_0_L2A,2026-01-28,2026-01-27,1,0.9090909090909091,0.8933333333333333,-0.015757575757575748,11,4,150
4694,S2C_17TKG_20260128_0_L2A,2026-01-28,2026-01-27,1,1.0,0.6528497409326425,-0.3471502590673575,13,4,386
8841,S2C_17TKG_20260128_0_L2A,2026-01-28,2026-01-27,1,1.0,0.844106463878327,-0.155893536121673,13,4,263
13148,S2C_17TKG_20260128_0_L2A,2026-01-28,2026-01-27,1,1.0,0.891170431211499,-0.10882956878850103,19,3,487
13149,S2C_17TKG_20260128_0_L2A,2026-01-28,2026-01-27,1,1.0,0.8600682593856656,-0.13993174061433444,28,7,293
13152,S2C_17TKG_20260128_0_L2A,2026-01-28,2026-01-27,1,1.0,1.0,0.0,15,4,229
17787,S2C_17TKG_20260128_0_L2A,2026-01-28,2026-01-27,1,1.0,1.0,0.0,10,5,252
21674,S2C_17TKG_20260128_0_L2A,2026-01-28,2026-01-27,1,1.0,0.6974248927038627,-0.30257510729613735,22,5,466
21675,S2C_17TKG_20260128_0_L2A,2026-01-28,2026-01-27,1,1.0,0.9281045751633987,-0.07189542483660127,39,10,153
21680,S2C_17TKG_20260128_0_L2A,2026-01-28,2026-01-27,1,1.0,0.9276315789473685,-0.07236842105263153,15,4,152
26396,S2C_17TKG_20260128_0_L2A,2026-01-28,2026-01-27,1,1.0,0.8042226487523992,-0.19577735124760076,63,16,521
26400,S2C_17TKG_20260128_0_L2A,2026-01-28,2026-01-27,1,1.0,0.806060606060606,-0.19393939393939397,55,13,330
26401,S2C_17TKG_20260128_0_L2A,2026-01-28,2026-01-27,1,0.95,0.6420664206642066,-0.30793357933579335,40,12,271
30405,S2C_17TKG_20260128_0_L2A,2026-01-28,2026-01-27,1,0.98989898989899,0.8104838709677419,-0.17941511893124806,297,73,496
30406,S2C_17TKG_20260128_0_L2A,2026-01-28,2026-01-27,1,1.0,0.5538720538720538,-0.44612794612794615,23,7,594
34735,S2C_17TKG_20260128_0_L2A,2026-01-28,2026-01-27,1,1.0,0.971830985915493,-0.028169014084507005,14,4,213
34737,S2C_17TKG_20260128_0_L2A,2026-01-28,2026-01-27,1,1.0,0.9639175257731959,-0.03608247422680411,32,7,194
34829,S2C_17TKG_20260128_0_L2A,2026-01-28,2026-01-27,1,1.0,0.8552631578947368,-0.14473684210526316,6,3,76
34858,S2C_17TKG_20260128_0_L2A,2026-01-28,2026-01-27,1,0.8,0.6377952755905512,-0.16220472440944889,5,3,127
34859,S2C_17TKG_20260128_0_L2A,2026-01-28,2026-01-27,1,0.9,0.8,-0.09999999999999998,10,4,80
34909,S2C_17TKG_20260128_0_L2A,2026-01-28,2026-01-27,1,1.0,0.3628691983122363,-0.6371308016877637,35,7,474
35131,S2C_17TKG_20260128_0_L2A,2026-01-28,2026-01-27,1,0.6666666666666666,0.6528497409326425,-0.013816925734024155,9,3,193
50723,S2C_17TKG_20260128_0_L2A,2026-01-28,2026-01-27,1,0.9473684210526315,0.6819672131147541,-0.26540120793787747,19,4,305
50724,S2C_17TKG_20260128_0_L2A,2026-01-28,2026-01-27,1,1.0,0.6909090909090909,-0.3090909090909091,31,8,220
50726,S2C_17TKG_20260128_0_L2A,2026-01-28,2026-01-27,1,1.0,0.7813765182186235,-0.21862348178137647,9,3,247
51294,S2C_17TKG_20260128_0_L2A,2026-01-28,2026-01-27,1,1.0,0.9485294117647058,-0.05147058823529416,27,5,408
26398,S2C_17TKG_20260131_0_L2A,2026-01-31,2026-01-27,4,0.0,0.0,0.0,48,15,294
4703,S2C_17TKG_20260207_0_L2A,2026-02-07,2026-02-06,1,1.0,0.6379928315412187,-0.36200716845878134,7,3,279
13148,S2C_17TKG_20260207_0_L2A,2026-02-07,2026-02-06,1,1.0,0.4665314401622718,-0.5334685598377282,19,3,493
13152,S2C_17TKG_20260207_0_L2A,2026-02-07,2026-02-06,1,1.0,0.8941176470588236,-0.10588235294117643,15,4,170
17787,S2C_17TKG_20260207_0_L2A,2026-02-07,2026-02-06,1,1.0,0.9060773480662984,-0.09392265193370164,10,5,181
21677,S2C_17TKG_20260207_0_L2A,2026-02-07,2026-02-06,1,1.0,0.7900552486187845,-0.2099447513812155,20,5,362
21679,S2C_17TKG_20260207_0_L2A,2026-02-07,2026-02-06,1,1.0,0.6071428571428571,-0.3928571428571429,13,4,252
26400,S2C_17TKG_20260207_0_L2A,2026-02-07,2026-02-06,1,1.0,0.9290540540540541,-0.07094594594594594,55,13,296
26401,S2C_17TKG_20260207_0_L2A,2026-02-07,2026-02-06,1,1.0,0.7961783439490446,-0.20382165605095537,40,12,314
26402,S2C_17TKG_20260207_0_L2A,2026-02-07,2026-02-06,1,1.0,0.6309523809523809,-0.36904761904761907,17,4,252
34859,S2C_17TKG_20260207_0_L2A,2026-02-07,2026-02-06,1,0.0,0.6827586206896552,0.6827586206896552,10,4,145
34880,S2C_17TKG_20260207_0_L2A,2026-02-07,2026-02-06,1,1.0,0.6666666666666666,-0.33333333333333337,18,4,243
34909,S2C_17TKG_20260207_0_L2A,2026-02-07,2026-02-06,1,1.0,0.7827298050139275,-0.21727019498607247,35,7,359
34992,S2C_17TKG_20260207_0_L2A,2026-02-07,2026-02-06,1,1.0,0.8754325259515571,-0.12456747404844293,52,14,289
35083,S2C_17TKG_20260207_0_L2A,2026-02-07,2026-02-06,1,1.0,0.9220338983050848,-0.07796610169491525,46,10,295
35129,S2C_17TKG_20260207_0_L2A,2026-02-07,2026-02-06,1,1.0,0.5475113122171946,-0.4524886877828054,26,4,221
35131,S2C_17TKG_20260207_0_L2A,2026-02-07,2026-02-06,1,1.0,0.8015267175572519,-0.1984732824427481,9,3,131
35138,S2C_17TKG_20260207_0_L2A,2026-02-07,2026-02-06,1,0.03571428571428571,0.1711229946524064,0.13540870893812068,28,5,187
49014,S2C_17TKG_20260207_0_L2A,2026-02-07,2026-02-06,1,1.0,0.8296529968454258,-0.17034700315457418,33,8,317
4695,S2C_17TKG_20260210_0_L2A,2026-02-10,2026-02-06,4,1.0,0.563573883161512,-0.436426116838488,27,6,291
4698,S2C_17TKG_20260210_0_L2A,2026-02-10,2026-02-06,4,1.0,0.5640243902439024,-0.4359756097560976,12,3,328
4703,S2C_17TKG_20260210_0_L2A,2026-02-10,2026-02-06,4,1.0,0.5821917808219178,-0.4178082191780822,7,3,292
8840,S2C_17TKG_20260210_0_L2A,2026-02-10,2026-02-06,4,1.0,0.4701670644391408,-0.5298329355608592,39,8,419
13148,S2C_17TKG_20260210_0_L2A,2026-02-10,2026-02-06,4,1.0,0.3683168316831683,-0.6316831683168317,19,3,505
13152,S2C_17TKG_20260210_0_L2A,2026-02-10,2026-02-06,4,1.0,0.7161572052401747,-0.2838427947598253,15,4,229
17787,S2C_17TKG_20260210_0_L2A,2026-02-10,2026-02-06,4,1.0,0.7272727272727273,-0.2727272727272727,10,5,264
21675,S2C_17TKG_20260210_0_L2A,2026-02-10,2026-02-06,4,0.7435897435897436,0.30434782608695654,-0.43924191750278707,39,10,253
21678,S2C_17TKG_20260210_0_L2A,2026-02-10,2026-02-06,4,0.0,0.6041666666666666,0.6041666666666666,18,7,336
21679,S2C_17TKG_20260210_0_L2A,2026-02-10,2026-02-06,4,1.0,0.6873239436619718,-0.3126760563380282,13,4,355
26397,S2C_17TKG_20260210_0_L2A,2026-02-10,2026-02-06,4,0.84,0.8162327718223583,-0.023767228177641653,25,7,653
26398,S2C_17TKG_20260210_0_L2A,2026-02-10,2026-02-06,4,1.0,0.8920454545454546,-0.10795454545454541,56,18,528
26399,S2C_17TKG_20260210_0_L2A,2026-02-10,2026-02-06,4,1.0,0.8891089108910891,-0.11089108910891088,18,6,505
26402,S2C_17TKG_20260210_0_L2A,2026-02-10,2026-02-06,4,1.0,0.5387205387205387,-0.4612794612794613,17,4,297
30409,S2C_17TKG_20260210_0_L2A,2026-02-10,2026-02-06,4,0.0,0.4883720930232558,0.4883720930232558,12,5,129
34730,S2C_17TKG_20260210_0_L2A,2026-02-10,2026-02-06,4,1.0,0.5090497737556561,-0.4909502262443439,63,13,442
34735,S2C_17TKG_20260210_0_L2A,2026-02-10,2026-02-06,4,0.9285714285714286,0.9154929577464789,-0.013078470824949728,14,4,213
34737,S2C_17TKG_20260210_0_L2A,2026-02-10,2026-02-06,4,1.0,0.8981481481481481,-0.10185185185185186,28,6,108
34859,S2C_17TKG_20260210_0_L2A,2026-02-10,2026-02-06,4,0.1,0.7142857142857143,0.6142857142857143,10,4,140
34874,S2C_17TKG_20260210_0_L2A,2026-02-10,2026-02-06,4,1.0,0.6513761467889908,-0.3486238532110092,11,3,109
34880,S2C_17TKG_20260210_0_L2A,2026-02-10,2026-02-06,4,1.0,0.5021645021645021,-0.49783549783549785,18,4,231
34947,S2C_17TKG_20260210_0_L2A,2026-02-10,2026-02-06,4,0.0,0.5335120643431636,0.5335120643431636,16,3,373
34954,S2C_17TKG_20260210_0_L2A,2026-02-10,2026-02-06,4,1.0,0.47586206896551725,-0.5241379310344827,9,3,290
34992,S2C_17TKG_20260210_0_L2A,2026-02-10,2026-02-06,4,1.0,0.8213058419243986,-0.1786941580756014,52,14,291
35129,S2C_17TKG_20260210_0_L2A,2026-02-10,2026-02-06,4,1.0,0.3161592505854801,-0.6838407494145199,26,4,427
35131,S2C_17TKG_20260210_0_L2A,2026-02-10,2026-02-06,4,1.0,0.6373056994818653,-0.36269430051813467,9,3,193
35152,S2C_17TKG_20260210_0_L2A,2026-02-10,2026-02-06,4,1.0,0.9906542056074766,-0.009345794392523366,6,3,107
6,S2B_17TKG_20260215_0_L2A,2026-02-15,2026-02-06,9,0.37209302325581395,0.615485564304462,0.24339254104864805,43,10,762
4694,S2B_17TKG_20260215_0_L2A,2026-02-15,2026-02-06,9,0.15384615384615385,0.002512562814070352,-0.1513335910320835,13,4,398
4695,S2B_17TKG_20260215_0_L2A,2026-02-15,2026-02-06,9,1.0,0.13293051359516617,-0.8670694864048338,27,6,331
4698,S2B_17TKG_20260215_0_L2A,2026-02-15,2026-02-06,9,0.0,0.29573170731707316,0.29573170731707316,12,3,328
4703,S2B_17TKG_20260215_0_L2A,2026-02-15,2026-02-06,9,0.0,0.1232876712328767,0.1232876712328767,7,3,292
8840,S2B_17TKG_20260215_0_L2A,2026-02-15,2026-02-06,9,0.7435897435897436,0.059665871121718374,-0.6839238724680252,39,8,419
8841,S2B_17TKG_20260215_0_L2A,2026-02-15,2026-02-06,9,0.46153846153846156,0.7483870967741936,0.286848635235732,13,4,465
13148,S2B_17TKG_20260215_0_L2A,2026-02-15,2026-02-06,9,0.5789473684210527,0.0710172744721689,-0.5079300939488838,19,3,521
13149,S2B_17TKG_20260215_0_L2A,2026-02-15,2026-02-06,9,0.4642857142857143,0.3412969283276451,-0.12298878595806922,28,7,293
13152,S2B_17TKG_20260215_0_L2A,2026-02-15,2026-02-06,9,0.0,0.3537117903930131,0.3537117903930131,15,4,229
17787,S2B_17TKG_20260215_0_L2A,2026-02-15,2026-02-06,9,0.4,0.23863636363636365,-0.16136363636363638,10,5,264
21674,S2B_17TKG_20260215_0_L2A,2026-02-15,2026-02-06,9,0.0,0.1351931330472103,0.1351931330472103,22,5,466
21677,S2B_17TKG_20260215_0_L2A,2026-02-15,2026-02-06,9,0.0,0.5068119891008175,0.5068119891008175,20,5,367
21678,S2B_17TKG_20260215_0_L2A,2026-02-15,2026-02-06,9,0.0,0.08630952380952381,0.08630952380952381,18,7,336
21679,S2B_17TKG_20260215_0_L2A,2026-02-15,2026-02-06,9,0.6153846153846154,0.16056338028169015,-0.45482123510292527,13,4,355
21680,S2B_17TKG_20260215_0_L2A,2026-02-15,2026-02-06,9,0.0,0.26119402985074625,0.26119402985074625,15,4,268
26396,S2B_17TKG_20260215_0_L2A,2026-02-15,2026-02-06,9,0.4444444444444444,0.263681592039801,-0.1807628524046434,63,16,603
26397,S2B_17TKG_20260215_0_L2A,2026-02-15,2026-02-06,9,0.56,0.30781010719754975,-0.2521898928024503,25,7,653
26398,S2B_17TKG_20260215_0_L2A,2026-02-15,2026-02-06,9,0.0,0.18181818181818182,0.18181818181818182,56,18,528
26399,S2B_17TKG_20260215_0_L2A,2026-02-15,2026-02-06,9,0.2777777777777778,0.5425742574257426,0.2647964796479648,18,6,505
26400,S2B_17TKG_20260215_0_L2A,2026-02-15,2026-02-06,9,0.9636363636363636,0.35454545454545455,-0.6090909090909091,55,13,330
26401,S2B_17TKG_20260215_0_L2A,2026-02-15,2026-02-06,9,1.0,0.3402985074626866,-0.6597014925373135,40,12,335
26402,S2B_17TKG_20260215_0_L2A,2026-02-15,2026-02-06,9,0.8823529411764706,0.0029585798816568047,-0.8793943612948137,17,4,338
30405,S2B_17TKG_20260215_0_L2A,2026-02-15,2026-02-06,9,0.5353535353535354,0.06097560975609756,-0.4743779255974378,297,73,492
30406,S2B_17TKG_20260215_0_L2A,2026-02-15,2026-02-06,9,0.17391304347826086,0.11784511784511785,-0.056067925633143015,23,7,594
30409,S2B_17TKG_20260215_0_L2A,2026-02-15,2026-02-06,9,0.0,0.019736842105263157,0.019736842105263157,12,5,152
34730,S2B_17TKG_20260215_0_L2A,2026-02-15,2026-02-06,9,0.047619047619047616,0.11312217194570136,0.06550312432665374,63,13,442
34735,S2B_17TKG_20260215_0_L2A,2026-02-15,2026-02-06,9,0.0,0.5586854460093896,0.5586854460093896,14,4,213
34737,S2B_17TKG_20260215_0_L2A,2026-02-15,2026-02-06,9,0.59375,0.4329896907216495,-0.1607603092783505,32,7,194
34829,S2B_17TKG_20260215_0_L2A,2026-02-15,2026-02-06,9,0.0,0.07894736842105263,0.07894736842105263,6,3,76
34858,S2B_17TKG_20260215_0_L2A,2026-02-15,2026-02-06,9,0.0,0.2611111111111111,0.2611111111111111,5,3,180
34859,S2B_17TKG_20260215_0_L2A,2026-02-15,2026-02-06,9,0.0,0.1310344827586207,0.1310344827586207,10,4,145
34874,S2B_17TKG_20260215_0_L2A,2026-02-15,2026-02-06,9,0.0,0.05263157894736842,0.05263157894736842,12,3,133
34880,S2B_17TKG_20260215_0_L2A,2026-02-15,2026-02-06,9,0.0,0.00423728813559322,0.00423728813559322,18,4,236
34947,S2B_17TKG_20260215_0_L2A,2026-02-15,2026-02-06,9,0.0,0.05630026809651475,0.05630026809651475,16,3,373
34963,S2B_17TKG_20260215_0_L2A,2026-02-15,2026-02-06,9,0.2,0.30454545454545456,0.10454545454545455,25,6,220
34992,S2B_17TKG_20260215_0_L2A,2026-02-15,2026-02-06,9,0.15384615384615385,0.24232081911262798,0.08847466526647413,52,14,293
35083,S2B_17TKG_20260215_0_L2A,2026-02-15,2026-02-06,9,0.0,0.1941747572815534,0.1941747572815534,48,10,412
35129,S2B_17TKG_20260215_0_L2A,2026-02-15,2026-02-06,9,0.3076923076923077,0.07259953161592506,-0.23509277607638265,26,4,427
35131,S2B_17TKG_20260215_0_L2A,2026-02-15,2026-02-06,9,0.0,0.07853403141361257,0.07853403141361257,9,3,191
35152,S2B_17TKG_20260215_0_L2A,2026-02-15,2026-02-06,9,0.8333333333333334,0.415929203539823,-0.4174041297935104,6,3,113
49014,S2B_17TKG_20260215_0_L2A,2026-02-15,2026-02-06,9,0.0,0.27899686520376177,0.27899686520376177,33,8,319
50723,S2B_17TKG_20260215_0_L2A,2026-02-15,2026-02-06,9,0.0,0.0,0.0,19,4,303
50724,S2B_17TKG_20260215_0_L2A,2026-02-15,2026-02-06,9,0.06451612903225806,0.00411522633744856,-0.0604009026948095,31,8,243
50726,S2B_17TKG_20260215_0_L2A,2026-02-15,2026-02-06,9,0.0,0.0,0.0,9,3,247
51294,S2B_17TKG_20260215_0_L2A,2026-02-15,2026-02-06,9,0.037037037037037035,0.4485294117647059,0.41149237472766886,27,5,408
6,S2C_17TKG_20260227_0_L2A,2026-02-27,2026-02-22,5,0.0,0.0,0.0,43,10,762
7,S2C_17TKG_20260227_0_L2A,2026-02-27,2026-02-22,5,0.0,0.0,0.0,11,4,150
4694,S2C_17TKG_20260227_0_L2A,2026-02-27,2026-02-22,5,0.0,0.0,0.0,13,4,398
4695,S2C_17TKG_20260227_0_L2A,2026-02-27,2026-02-22,5,0.0,0.0,0.0,27,6,331
4698,S2C_17TKG_20260227_0_L2A,2026-02-27,2026-02-22,5,0.0,0.0,0.0,12,3,328
4703,S2C_17TKG_20260227_0_L2A,2026-02-27,2026-02-22,5,0.0,0.0,0.0,7,3,292
8840,S2C_17TKG_20260227_0_L2A,2026-02-27,2026-02-22,5,0.0,0.0,0.0,39,8,419
13148,S2C_17TKG_20260227_0_L2A,2026-02-27,2026-02-22,5,0.0,0.0,0.0,19,3,521
13149,S2C_17TKG_20260227_0_L2A,2026-02-27,2026-02-22,5,0.0,0.0,0.0,28,7,293
13152,S2C_17TKG_20260227_0_L2A,2026-02-27,2026-02-22,5,0.0,0.0,0.0,15,4,229
17787,S2C_17TKG_20260227_0_L2A,2026-02-27,2026-02-22,5,0.0,0.0,0.0,10,5,264
21674,S2C_17TKG_20260227_0_L2A,2026-02-27,2026-02-22,5,0.0,0.004291845493562232,0.004291845493562232,22,5,466
21675,S2C_17TKG_20260227_0_L2A,2026-02-27,2026-02-22,5,0.0,0.007905138339920948,0.007905138339920948,39,10,253
21677,S2C_17TKG_20260227_0_L2A,2026-02-27,2026-02-22,5,0.0,0.0,0.0,20,5,367
21678,S2C_17TKG_20260227_0_L2A,2026-02-27,2026-02-22,5,0.0,0.0,0.0,18,7,336
21679,S2C_17TKG_20260227_0_L2A,2026-02-27,2026-02-22,5,0.23076923076923078,0.0,-0.23076923076923078,13,4,355
21680,S2C_17TKG_20260227_0_L2A,2026-02-27,2026-02-22,5,0.0,0.0,0.0,15,4,268
26396,S2C_17TKG_20260227_0_L2A,2026-02-27,2026-02-22,5,0.0,0.0,0.0,63,16,603
26397,S2C_17TKG_20260227_0_L2A,2026-02-27,2026-02-22,5,0.0,0.0,0.0,25,7,653
26398,S2C_17TKG_20260227_0_L2A,2026-02-27,2026-02-22,5,0.0,0.0,0.0,56,18,528
26399,S2C_17TKG_20260227_0_L2A,2026-02-27,2026-02-22,5,0.0,0.01782178217821782,0.01782178217821782,15,5,505
26401,S2C_17TKG_20260227_0_L2A,2026-02-27,2026-02-22,5,0.0,0.006024096385542169,0.006024096385542169,40,12,332
30405,S2C_17TKG_20260227_0_L2A,2026-02-27,2026-02-22,5,0.0,0.0020161290322580645,0.0020161290322580645,289,71,496
30406,S2C_17TKG_20260227_0_L2A,2026-02-27,2026-02-22,5,0.0,0.0,0.0,23,7,594
30409,S2C_17TKG_20260227_0_L2A,2026-02-27,2026-02-22,5,0.0,0.0,0.0,12,5,155
34730,S2C_17TKG_20260227_0_L2A,2026-02-27,2026-02-22,5,0.0,0.0,0.0,63,13,442
34735,S2C_17TKG_20260227_0_L2A,2026-02-27,2026-02-22,5,0.0,0.0,0.0,14,4,213
34737,S2C_17TKG_20260227_0_L2A,2026-02-27,2026-02-22,5,0.0,0.061855670103092786,0.061855670103092786,32,7,194
34829,S2C_17TKG_20260227_0_L2A,2026-02-27,2026-02-22,5,0.0,0.0,0.0,6,3,76
34858,S2C_17TKG_20260227_0_L2A,2026-02-27,2026-02-22,5,0.0,0.0,0.0,5,3,188
34859,S2C_17TKG_20260227_0_L2A,2026-02-27,2026-02-22,5,0.0,0.0,0.0,10,4,146
34874,S2C_17TKG_20260227_0_L2A,2026-02-27,2026-02-22,5,0.0,0.0,0.0,12,3,143
34880,S2C_17TKG_20260227_0_L2A,2026-02-27,2026-02-22,5,0.0,0.0,0.0,18,4,243
34909,S2C_17TKG_20260227_0_L2A,2026-02-27,2026-02-22,5,0.0,0.0,0.0,35,7,474
34947,S2C_17TKG_20260227_0_L2A,2026-02-27,2026-02-22,5,0.0,0.0,0.0,16,3,373
34954,S2C_17TKG_20260227_0_L2A,2026-02-27,2026-02-22,5,0.0,0.0,0.0,9,3,295
34963,S2C_17TKG_20260227_0_L2A,2026-02-27,2026-02-22,5,0.0,0.0,0.0,25,6,220
34992,S2C_17TKG_20260227_0_L2A,2026-02-27,2026-02-22,5,0.0,0.0,0.0,52,14,293
35003,S2C_17TKG_20260227_0_L2A,2026-02-27,2026-02-22,5,0.02702702702702703,0.0,-0.02702702702702703,37,12,407
35083,S2C_17TKG_20260227_0_L2A,2026-02-27,2026-02-22,5,0.0,0.0,0.0,48,10,400
35129,S2C_17TKG_20260227_0_L2A,2026-02-27,2026-02-22,5,0.0,0.0,0.0,26,4,427
35131,S2C_17TKG_20260227_0_L2A,2026-02-27,2026-02-22,5,0.0,0.0,0.0,9,3,193
35152,S2C_17TKG_20260227_0_L2A,2026-02-27,2026-02-22,5,0.0,0.0,0.0,6,3,113
49014,S2C_17TKG_20260227_0_L2A,2026-02-27,2026-02-22,5,0.0,0.0,0.0,33,8,319
50723,S2C_17TKG_20260227_0_L2A,2026-02-27,2026-02-22,5,0.0,0.0,0.0,19,4,305
50724,S2C_17TKG_20260227_0_L2A,2026-02-27,2026-02-22,5,0.0,0.0,0.0,31,8,247
50726,S2C_17TKG_20260227_0_L2A,2026-02-27,2026-02-22,5,0.0,0.0,0.0,9,3,247
51294,S2C_17TKG_20260227_0_L2A,2026-02-27,2026-02-22,5,0.0,0.0,0.0,27,5,408
6,S2C_17TKG_20260302_0_L2A,2026-03-02,2026-02-22,8,0.0,0.0,0.0,43,10,762
7,S2C_17TKG_20260302_0_L2A,2026-03-02,2026-02-22,8,0.0,0.0,0.0,11,4,150
4694,S2C_17TKG_20260302_0_L2A,2026-03-02,2026-02-22,8,0.0,0.0,0.0,13,4,398
4695,S2C_17TKG_20260302_0_L2A,2026-03-02,2026-02-22,8,0.0,0.0,0.0,27,6,331
4698,S2C_17TKG_20260302_0_L2A,2026-03-02,2026-02-22,8,0.0,0.0,0.0,12,3,328
4703,S2C_17TKG_20260302_0_L2A,2026-03-02,2026-02-22,8,0.0,0.0,0.0,7,3,292
8840,S2C_17TKG_20260302_0_L2A,2026-03-02,2026-02-22,8,0.0,0.0,0.0,39,8,419
13148,S2C_17TKG_20260302_0_L2A,2026-03-02,2026-02-22,8,0.0,0.0,0.0,19,3,521
13149,S2C_17TKG_20260302_0_L2A,2026-03-02,2026-02-22,8,0.0,0.0,0.0,28,7,293
13152,S2C_17TKG_20260302_0_L2A,2026-03-02,2026-02-22,8,0.0,0.0,0.0,15,4,229
17787,S2C_17TKG_20260302_0_L2A,2026-03-02,2026-02-22,8,0.0,0.0,0.0,10,5,264
21674,S2C_17TKG_20260302_0_L2A,2026-03-02,2026-02-22,8,0.0,0.0,0.0,22,5,466
21675,S2C_17TKG_20260302_0_L2A,2026-03-02,2026-02-22,8,0.0,0.0,0.0,39,10,253
21677,S2C_17TKG_20260302_0_L2A,2026-03-02,2026-02-22,8,0.0,0.0,0.0,20,5,367
21678,S2C_17TKG_20260302_0_L2A,2026-03-02,2026-02-22,8,0.0,0.0,0.0,18,7,336
21679,S2C_17TKG_20260302_0_L2A,2026-03-02,2026-02-22,8,0.0,0.0,0.0,13,4,355
21680,S2C_17TKG_20260302_0_L2A,2026-03-02,2026-02-22,8,0.0,0.0,0.0,15,4,268
26396,S2C_17TKG_20260302_0_L2A,2026-03-02,2026-02-22,8,0.0,0.0,0.0,63,16,603
26397,S2C_17TKG_20260302_0_L2A,2026-03-02,2026-02-22,8,0.0,0.0,0.0,25,7,653
26398,S2C_17TKG_20260302_0_L2A,2026-03-02,2026-02-22,8,0.0,0.0,0.0,56,18,528
26399,S2C_17TKG_20260302_0_L2A,2026-03-02,2026-02-22,8,0.0,0.0,0.0,15,4,505
26400,S2C_17TKG_20260302_0_L2A,2026-03-02,2026-02-22,8,0.0,0.0,0.0,51,12,330
26401,S2C_17TKG_20260302_0_L2A,2026-03-02,2026-02-22,8,0.0,0.0,0.0,40,12,328
30405,S2C_17TKG_20260302_0_L2A,2026-03-02,2026-02-22,8,0.0,0.0,0.0,297,73,496
30406,S2C_17TKG_20260302_0_L2A,2026-03-02,2026-02-22,8,0.0,0.0,0.0,23,7,594
30409,S2C_17TKG_20260302_0_L2A,2026-03-02,2026-02-22,8,0.0,0.0,0.0,12,5,155
34730,S2C_17TKG_20260302_0_L2A,2026-03-02,2026-02-22,8,0.0,0.0,0.0,63,13,442
34735,S2C_17TKG_20260302_0_L2A,2026-03-02,2026-02-22,8,0.0,0.0,0.0,14,4,213
34737,S2C_17TKG_20260302_0_L2A,2026-03-02,2026-02-22,8,0.0,0.0,0.0,32,7,194
34829,S2C_17TKG_20260302_0_L2A,2026-03-02,2026-02-22,8,0.0,0.0,0.0,6,3,76
34858,S2C_17TKG_20260302_0_L2A,2026-03-02,2026-02-22,8,0.0,0.0,0.0,5,3,188
34859,S2C_17TKG_20260302_0_L2A,2026-03-02,2026-02-22,8,0.0,0.0,0.0,10,4,146
34874,S2C_17TKG_20260302_0_L2A,2026-03-02,2026-02-22,8,0.0,0.0,0.0,12,3,142
34880,S2C_17TKG_20260302_0_L2A,2026-03-02,2026-02-22,8,0.0,0.0,0.0,18,4,243
34909,S2C_17TKG_20260302_0_L2A,2026-03-02,2026-02-22,8,0.0,0.0,0.0,35,7,474
34947,S2C_17TKG_20260302_0_L2A,2026-03-02,2026-02-22,8,0.0,0.0,0.0,16,3,373
34954,S2C_17TKG_20260302_0_L2A,2026-03-02,2026-02-22,8,0.0,0.0,0.0,9,3,295
34963,S2C_17TKG_20260302_0_L2A,2026-03-02,2026-02-22,8,0.0,0.0,0.0,25,6,220
34992,S2C_17TKG_20260302_0_L2A,2026-03-02,2026-02-22,8,0.0,0.0,0.0,52,14,293
35003,S2C_17TKG_20260302_0_L2A,2026-03-02,2026-02-22,8,0.0,0.0,0.0,37,12,407
35083,S2C_17TKG_20260302_0_L2A,2026-03-02,2026-02-22,8,0.0,0.0,0.0,48,10,382
35129,S2C_17TKG_20260302_0_L2A,2026-03-02,2026-02-22,8,0.0,0.0,0.0,26,4,427
35131,S2C_17TKG_20260302_0_L2A,2026-03-02,2026-02-22,8,0.0,0.0,0.0,9,3,193
35152,S2C_17TKG_20260302_0_L2A,2026-03-02,2026-02-22,8,0.0,0.0,0.0,6,3,113
49014,S2C_17TKG_20260302_0_L2A,2026-03-02,2026-02-22,8,0.0,0.0,0.0,33,8,319
50723,S2C_17TKG_20260302_0_L2A,2026-03-02,2026-02-22,8,0.0,0.0,0.0,19,4,305
50724,S2C_17TKG_20260302_0_L2A,2026-03-02,2026-02-22,8,0.0,0.0,0.0,31,8,247
50726,S2C_17TKG_20260302_0_L2A,2026-03-02,2026-02-22,8,0.0,0.0,0.0,9,3,247
51294,S2C_17TKG_20260302_0_L2A,2026-03-02,2026-02-22,8,0.0,0.0,0.0,27,5,408
